panel,gene_set,gene,source_file
E,SASP,ANAPC1,SupFig4E_SASP.csv
E,SASP,ANAPC10,SupFig4E_SASP.csv
E,SASP,ANAPC11,SupFig4E_SASP.csv
E,SASP,ANAPC15,SupFig4E_SASP.csv
E,SASP,ANAPC16,SupFig4E_SASP.csv
E,SASP,ANAPC2,SupFig4E_SASP.csv
E,SASP,ANAPC4,SupFig4E_SASP.csv
E,SASP,ANAPC5,SupFig4E_SASP.csv
E,SASP,ANAPC7,SupFig4E_SASP.csv
E,SASP,CCNA1,SupFig4E_SASP.csv
E,SASP,CCNA2,SupFig4E_SASP.csv
E,SASP,CDC16,SupFig4E_SASP.csv
E,SASP,CDC23,SupFig4E_SASP.csv
E,SASP,CDC26,SupFig4E_SASP.csv
E,SASP,CDC27,SupFig4E_SASP.csv
E,SASP,CDK2,SupFig4E_SASP.csv
E,SASP,CDK4,SupFig4E_SASP.csv
E,SASP,CDK6,SupFig4E_SASP.csv
E,SASP,CDKN1A,SupFig4E_SASP.csv
E,SASP,CDKN1B,SupFig4E_SASP.csv
E,SASP,CDKN2A,SupFig4E_SASP.csv
E,SASP,CDKN2B,SupFig4E_SASP.csv
E,SASP,CDKN2C,SupFig4E_SASP.csv
E,SASP,CDKN2D,SupFig4E_SASP.csv
E,SASP,CEBPB,SupFig4E_SASP.csv
E,SASP,CXCL8,SupFig4E_SASP.csv
E,SASP,EHMT1,SupFig4E_SASP.csv
E,SASP,EHMT2,SupFig4E_SASP.csv
E,SASP,FOS,SupFig4E_SASP.csv
E,SASP,FZR1,SupFig4E_SASP.csv
E,SASP,H2AB1,SupFig4E_SASP.csv
E,SASP,H2AC14,SupFig4E_SASP.csv
E,SASP,H2AC18,SupFig4E_SASP.csv
E,SASP,H2AC19,SupFig4E_SASP.csv
E,SASP,H2AC20,SupFig4E_SASP.csv
E,SASP,H2AC4,SupFig4E_SASP.csv
E,SASP,H2AC6,SupFig4E_SASP.csv
E,SASP,H2AC7,SupFig4E_SASP.csv
E,SASP,H2AC8,SupFig4E_SASP.csv
E,SASP,H2AJ,SupFig4E_SASP.csv
E,SASP,H2AX,SupFig4E_SASP.csv
E,SASP,H2AZ2,SupFig4E_SASP.csv
E,SASP,H2BC1,SupFig4E_SASP.csv
E,SASP,H2BC10,SupFig4E_SASP.csv
E,SASP,H2BC11,SupFig4E_SASP.csv
E,SASP,H2BC12,SupFig4E_SASP.csv
E,SASP,H2BC12L,SupFig4E_SASP.csv
E,SASP,H2BC13,SupFig4E_SASP.csv
E,SASP,H2BC14,SupFig4E_SASP.csv
E,SASP,H2BC15,SupFig4E_SASP.csv
E,SASP,H2BC17,SupFig4E_SASP.csv
E,SASP,H2BC21,SupFig4E_SASP.csv
E,SASP,H2BC26,SupFig4E_SASP.csv
E,SASP,H2BC3,SupFig4E_SASP.csv
E,SASP,H2BC4,SupFig4E_SASP.csv
E,SASP,H2BC5,SupFig4E_SASP.csv
E,SASP,H2BC6,SupFig4E_SASP.csv
E,SASP,H2BC7,SupFig4E_SASP.csv
E,SASP,H2BC8,SupFig4E_SASP.csv
E,SASP,H2BC9,SupFig4E_SASP.csv
E,SASP,H3-3A,SupFig4E_SASP.csv
E,SASP,H3-3B,SupFig4E_SASP.csv
E,SASP,H3C1,SupFig4E_SASP.csv
E,SASP,H3C10,SupFig4E_SASP.csv
E,SASP,H3C11,SupFig4E_SASP.csv
E,SASP,H3C12,SupFig4E_SASP.csv
E,SASP,H3C13,SupFig4E_SASP.csv
E,SASP,H3C14,SupFig4E_SASP.csv
E,SASP,H3C15,SupFig4E_SASP.csv
E,SASP,H3C2,SupFig4E_SASP.csv
E,SASP,H3C3,SupFig4E_SASP.csv
E,SASP,H3C4,SupFig4E_SASP.csv
E,SASP,H3C6,SupFig4E_SASP.csv
E,SASP,H3C7,SupFig4E_SASP.csv
E,SASP,H3C8,SupFig4E_SASP.csv
E,SASP,H4C1,SupFig4E_SASP.csv
E,SASP,H4C11,SupFig4E_SASP.csv
E,SASP,H4C12,SupFig4E_SASP.csv
E,SASP,H4C13,SupFig4E_SASP.csv
E,SASP,H4C14,SupFig4E_SASP.csv
E,SASP,H4C15,SupFig4E_SASP.csv
E,SASP,H4C16,SupFig4E_SASP.csv
E,SASP,H4C2,SupFig4E_SASP.csv
E,SASP,H4C3,SupFig4E_SASP.csv
E,SASP,H4C4,SupFig4E_SASP.csv
E,SASP,H4C5,SupFig4E_SASP.csv
E,SASP,H4C6,SupFig4E_SASP.csv
E,SASP,H4C8,SupFig4E_SASP.csv
E,SASP,H4C9,SupFig4E_SASP.csv
E,SASP,IGFBP7,SupFig4E_SASP.csv
E,SASP,IL1A,SupFig4E_SASP.csv
E,SASP,IL6,SupFig4E_SASP.csv
E,SASP,JUN,SupFig4E_SASP.csv
E,SASP,MAPK1,SupFig4E_SASP.csv
E,SASP,MAPK3,SupFig4E_SASP.csv
E,SASP,MAPK7,SupFig4E_SASP.csv
E,SASP,NFKB1,SupFig4E_SASP.csv
E,SASP,RELA,SupFig4E_SASP.csv
E,SASP,RPS27A,SupFig4E_SASP.csv
E,SASP,RPS6KA1,SupFig4E_SASP.csv
E,SASP,RPS6KA2,SupFig4E_SASP.csv
E,SASP,RPS6KA3,SupFig4E_SASP.csv
E,SASP,STAT3,SupFig4E_SASP.csv
E,SASP,UBA52,SupFig4E_SASP.csv
E,SASP,UBB,SupFig4E_SASP.csv
E,SASP,UBC,SupFig4E_SASP.csv
E,SASP,UBE2C,SupFig4E_SASP.csv
E,SASP,UBE2D1,SupFig4E_SASP.csv
E,SASP,UBE2E1,SupFig4E_SASP.csv
E,SASP,UBE2S,SupFig4E_SASP.csv
E,SASP,VENTX,SupFig4E_SASP.csv
E,MMUNE_SYSTEM,COL1A2,SupFig4E_MMUNE_SYSTEM.csv
E,MMUNE_SYSTEM,ELOB,SupFig4E_MMUNE_SYSTEM.csv
E,MMUNE_SYSTEM,EGR1,SupFig4E_MMUNE_SYSTEM.csv
E,MMUNE_SYSTEM,BST2,SupFig4E_MMUNE_SYSTEM.csv
E,MMUNE_SYSTEM,FN1,SupFig4E_MMUNE_SYSTEM.csv
E,MMUNE_SYSTEM,EIF4G3,SupFig4E_MMUNE_SYSTEM.csv
E,MMUNE_SYSTEM,FOS,SupFig4E_MMUNE_SYSTEM.csv
E,MMUNE_SYSTEM,CCL4,SupFig4E_MMUNE_SYSTEM.csv
E,MMUNE_SYSTEM,EIF2AK2,SupFig4E_MMUNE_SYSTEM.csv
E,MMUNE_SYSTEM,EIF4G2,SupFig4E_MMUNE_SYSTEM.csv
E,MMUNE_SYSTEM,FBXW11,SupFig4E_MMUNE_SYSTEM.csv
E,MMUNE_SYSTEM,CCL2,SupFig4E_MMUNE_SYSTEM.csv
E,MMUNE_SYSTEM,APP,SupFig4E_MMUNE_SYSTEM.csv
E,MMUNE_SYSTEM,FAAP20,SupFig4E_MMUNE_SYSTEM.csv
E,MMUNE_SYSTEM,ELOC,SupFig4E_MMUNE_SYSTEM.csv
E,MMUNE_SYSTEM,CANX,SupFig4E_MMUNE_SYSTEM.csv
E,MMUNE_SYSTEM,CXCL8,SupFig4E_MMUNE_SYSTEM.csv
E,MMUNE_SYSTEM,EIF2S1,SupFig4E_MMUNE_SYSTEM.csv
E,MMUNE_SYSTEM,DHX9,SupFig4E_MMUNE_SYSTEM.csv
E,MMUNE_SYSTEM,EIF2S2,SupFig4E_MMUNE_SYSTEM.csv
E,MMUNE_SYSTEM,FLNA,SupFig4E_MMUNE_SYSTEM.csv
E,MMUNE_SYSTEM,EIF4A2,SupFig4E_MMUNE_SYSTEM.csv
E,MMUNE_SYSTEM,AKT3,SupFig4E_MMUNE_SYSTEM.csv
E,MMUNE_SYSTEM,GHR,SupFig4E_MMUNE_SYSTEM.csv
E,MMUNE_SYSTEM,FGF2,SupFig4E_MMUNE_SYSTEM.csv
E,MMUNE_SYSTEM,BTRC,SupFig4E_MMUNE_SYSTEM.csv
E,MMUNE_SYSTEM,CENPX,SupFig4E_MMUNE_SYSTEM.csv
E,MMUNE_SYSTEM,EIF4E3,SupFig4E_MMUNE_SYSTEM.csv
E,MMUNE_SYSTEM,CSF1,SupFig4E_MMUNE_SYSTEM.csv
E,MMUNE_SYSTEM,EIF4E2,SupFig4E_MMUNE_SYSTEM.csv
E,MMUNE_SYSTEM,BCL2,SupFig4E_MMUNE_SYSTEM.csv
E,MMUNE_SYSTEM,CBL,SupFig4E_MMUNE_SYSTEM.csv
E,MMUNE_SYSTEM,CCL19,SupFig4E_MMUNE_SYSTEM.csv
E,MMUNE_SYSTEM,CREB1,SupFig4E_MMUNE_SYSTEM.csv
E,MMUNE_SYSTEM,CXCL2,SupFig4E_MMUNE_SYSTEM.csv
E,MMUNE_SYSTEM,CXCL1,SupFig4E_MMUNE_SYSTEM.csv
E,MMUNE_SYSTEM,ADAR,SupFig4E_MMUNE_SYSTEM.csv
E,MMUNE_SYSTEM,ATF1,SupFig4E_MMUNE_SYSTEM.csv
E,MMUNE_SYSTEM,FANCC,SupFig4E_MMUNE_SYSTEM.csv
E,MMUNE_SYSTEM,CCL3,SupFig4E_MMUNE_SYSTEM.csv
E,MMUNE_SYSTEM,BIRC5,SupFig4E_MMUNE_SYSTEM.csv
E,MMUNE_SYSTEM,FANCB,SupFig4E_MMUNE_SYSTEM.csv
E,MMUNE_SYSTEM,CCND1,SupFig4E_MMUNE_SYSTEM.csv
E,MMUNE_SYSTEM,EIF2S3,SupFig4E_MMUNE_SYSTEM.csv
E,MMUNE_SYSTEM,EDA,SupFig4E_MMUNE_SYSTEM.csv
E,MMUNE_SYSTEM,BCL2L11,SupFig4E_MMUNE_SYSTEM.csv
E,MMUNE_SYSTEM,FANCM,SupFig4E_MMUNE_SYSTEM.csv
E,MMUNE_SYSTEM,CXCL10,SupFig4E_MMUNE_SYSTEM.csv
E,MMUNE_SYSTEM,EDARADD,SupFig4E_MMUNE_SYSTEM.csv
E,MMUNE_SYSTEM,GBP1,SupFig4E_MMUNE_SYSTEM.csv
E,MMUNE_SYSTEM,FCER2,SupFig4E_MMUNE_SYSTEM.csv
E,MMUNE_SYSTEM,BECN1,SupFig4E_MMUNE_SYSTEM.csv
E,MMUNE_SYSTEM,CUL1,SupFig4E_MMUNE_SYSTEM.csv
E,MMUNE_SYSTEM,GAB2,SupFig4E_MMUNE_SYSTEM.csv
E,MMUNE_SYSTEM,ALOX15,SupFig4E_MMUNE_SYSTEM.csv
E,MMUNE_SYSTEM,DUSP4,SupFig4E_MMUNE_SYSTEM.csv
E,MMUNE_SYSTEM,BATF,SupFig4E_MMUNE_SYSTEM.csv
E,MMUNE_SYSTEM,CNTFR,SupFig4E_MMUNE_SYSTEM.csv
E,MMUNE_SYSTEM,CTSG,SupFig4E_MMUNE_SYSTEM.csv
E,MMUNE_SYSTEM,EDAR,SupFig4E_MMUNE_SYSTEM.csv
E,MMUNE_SYSTEM,CRLF1,SupFig4E_MMUNE_SYSTEM.csv
E,MMUNE_SYSTEM,GRAP2,SupFig4E_MMUNE_SYSTEM.csv
E,MMUNE_SYSTEM,ARIH1,SupFig4E_MMUNE_SYSTEM.csv
E,MMUNE_SYSTEM,FLT3LG,SupFig4E_MMUNE_SYSTEM.csv
E,MMUNE_SYSTEM,BOLA2B,SupFig4E_MMUNE_SYSTEM.csv
E,MMUNE_SYSTEM,CD27,SupFig4E_MMUNE_SYSTEM.csv
E,MMUNE_SYSTEM,CNTF,SupFig4E_MMUNE_SYSTEM.csv
E,MMUNE_SYSTEM,CSF2,SupFig4E_MMUNE_SYSTEM.csv
E,MMUNE_SYSTEM,CSF3,SupFig4E_MMUNE_SYSTEM.csv
E,MMUNE_SYSTEM,FANCA,SupFig4E_MMUNE_SYSTEM.csv
E,MMUNE_SYSTEM,FANCL,SupFig4E_MMUNE_SYSTEM.csv
E,MMUNE_SYSTEM,FASLG,SupFig4E_MMUNE_SYSTEM.csv
E,MMUNE_SYSTEM,GBP6,SupFig4E_MMUNE_SYSTEM.csv
E,MMUNE_SYSTEM,GBP7,SupFig4E_MMUNE_SYSTEM.csv
E,MMUNE_SYSTEM,GBP3,SupFig4E_MMUNE_SYSTEM.csv
E,MMUNE_SYSTEM,CD40LG,SupFig4E_MMUNE_SYSTEM.csv
E,MMUNE_SYSTEM,CTF1,SupFig4E_MMUNE_SYSTEM.csv
E,MMUNE_SYSTEM,EIF2AK3,SupFig4E_MMUNE_SYSTEM.csv
E,MMUNE_SYSTEM,CAMK2A,SupFig4E_MMUNE_SYSTEM.csv
E,MMUNE_SYSTEM,CD70,SupFig4E_MMUNE_SYSTEM.csv
E,MMUNE_SYSTEM,CD80,SupFig4E_MMUNE_SYSTEM.csv
E,MMUNE_SYSTEM,GATA3,SupFig4E_MMUNE_SYSTEM.csv
E,MMUNE_SYSTEM,DUSP6,SupFig4E_MMUNE_SYSTEM.csv
E,MMUNE_SYSTEM,GRB10,SupFig4E_MMUNE_SYSTEM.csv
E,MMUNE_SYSTEM,CAMK2B,SupFig4E_MMUNE_SYSTEM.csv
E,MMUNE_SYSTEM,GSTO1,SupFig4E_MMUNE_SYSTEM.csv
E,MMUNE_SYSTEM,CIITA,SupFig4E_MMUNE_SYSTEM.csv
E,MMUNE_SYSTEM,AKT1,SupFig4E_MMUNE_SYSTEM.csv
E,MMUNE_SYSTEM,AGER,SupFig4E_MMUNE_SYSTEM.csv
E,MMUNE_SYSTEM,CCL22,SupFig4E_MMUNE_SYSTEM.csv
E,MMUNE_SYSTEM,CASP3,SupFig4E_MMUNE_SYSTEM.csv
E,MMUNE_SYSTEM,AKT2,SupFig4E_MMUNE_SYSTEM.csv
E,MMUNE_SYSTEM,FAAP100,SupFig4E_MMUNE_SYSTEM.csv
E,MMUNE_SYSTEM,CDK1,SupFig4E_MMUNE_SYSTEM.csv
E,MMUNE_SYSTEM,CSF3R,SupFig4E_MMUNE_SYSTEM.csv
E,MMUNE_SYSTEM,EDA2R,SupFig4E_MMUNE_SYSTEM.csv
E,MMUNE_SYSTEM,FAAP24,SupFig4E_MMUNE_SYSTEM.csv
E,MMUNE_SYSTEM,FANCE,SupFig4E_MMUNE_SYSTEM.csv
E,MMUNE_SYSTEM,BCL6,SupFig4E_MMUNE_SYSTEM.csv
E,MMUNE_SYSTEM,JUN,SupFig4E_MMUNE_SYSTEM.csv
E,MMUNE_SYSTEM,HERC5,SupFig4E_MMUNE_SYSTEM.csv
E,MMUNE_SYSTEM,IFI6,SupFig4E_MMUNE_SYSTEM.csv
E,MMUNE_SYSTEM,IFI27,SupFig4E_MMUNE_SYSTEM.csv
E,MMUNE_SYSTEM,HNRNPA2B1,SupFig4E_MMUNE_SYSTEM.csv
E,MMUNE_SYSTEM,HMGB1,SupFig4E_MMUNE_SYSTEM.csv
E,MMUNE_SYSTEM,KPNA1,SupFig4E_MMUNE_SYSTEM.csv
E,MMUNE_SYSTEM,IGHG4,SupFig4E_MMUNE_SYSTEM.csv
E,MMUNE_SYSTEM,IRAK1,SupFig4E_MMUNE_SYSTEM.csv
E,MMUNE_SYSTEM,IL1B,SupFig4E_MMUNE_SYSTEM.csv
E,MMUNE_SYSTEM,IP6K2,SupFig4E_MMUNE_SYSTEM.csv
E,MMUNE_SYSTEM,IFIT1,SupFig4E_MMUNE_SYSTEM.csv
E,MMUNE_SYSTEM,HGF,SupFig4E_MMUNE_SYSTEM.csv
E,MMUNE_SYSTEM,IGHG1,SupFig4E_MMUNE_SYSTEM.csv
E,MMUNE_SYSTEM,IFNAR2,SupFig4E_MMUNE_SYSTEM.csv
E,MMUNE_SYSTEM,IL2RA,SupFig4E_MMUNE_SYSTEM.csv
E,MMUNE_SYSTEM,HSPA2,SupFig4E_MMUNE_SYSTEM.csv
E,MMUNE_SYSTEM,KPNA5,SupFig4E_MMUNE_SYSTEM.csv
E,MMUNE_SYSTEM,IL20RA,SupFig4E_MMUNE_SYSTEM.csv
E,MMUNE_SYSTEM,IL10RB,SupFig4E_MMUNE_SYSTEM.csv
E,MMUNE_SYSTEM,IL16,SupFig4E_MMUNE_SYSTEM.csv
E,MMUNE_SYSTEM,IL34,SupFig4E_MMUNE_SYSTEM.csv
E,MMUNE_SYSTEM,IFNG,SupFig4E_MMUNE_SYSTEM.csv
E,MMUNE_SYSTEM,IL6,SupFig4E_MMUNE_SYSTEM.csv
E,MMUNE_SYSTEM,IFNLR1,SupFig4E_MMUNE_SYSTEM.csv
E,MMUNE_SYSTEM,IL23A,SupFig4E_MMUNE_SYSTEM.csv
E,MMUNE_SYSTEM,IRS1,SupFig4E_MMUNE_SYSTEM.csv
E,MMUNE_SYSTEM,IFIT2,SupFig4E_MMUNE_SYSTEM.csv
E,MMUNE_SYSTEM,IRF4,SupFig4E_MMUNE_SYSTEM.csv
E,MMUNE_SYSTEM,IL1RAPL1,SupFig4E_MMUNE_SYSTEM.csv
E,MMUNE_SYSTEM,IL2RB,SupFig4E_MMUNE_SYSTEM.csv
E,MMUNE_SYSTEM,IFNA2,SupFig4E_MMUNE_SYSTEM.csv
E,MMUNE_SYSTEM,IL7,SupFig4E_MMUNE_SYSTEM.csv
E,MMUNE_SYSTEM,IFIH1,SupFig4E_MMUNE_SYSTEM.csv
E,MMUNE_SYSTEM,IL22RA1,SupFig4E_MMUNE_SYSTEM.csv
E,MMUNE_SYSTEM,IFNL2,SupFig4E_MMUNE_SYSTEM.csv
E,MMUNE_SYSTEM,IL17C,SupFig4E_MMUNE_SYSTEM.csv
E,MMUNE_SYSTEM,IL1RL2,SupFig4E_MMUNE_SYSTEM.csv
E,MMUNE_SYSTEM,IRAK2,SupFig4E_MMUNE_SYSTEM.csv
E,MMUNE_SYSTEM,IKBKG,SupFig4E_MMUNE_SYSTEM.csv
E,MMUNE_SYSTEM,IFNB1,SupFig4E_MMUNE_SYSTEM.csv
E,MMUNE_SYSTEM,IFNL1,SupFig4E_MMUNE_SYSTEM.csv
E,MMUNE_SYSTEM,IL11,SupFig4E_MMUNE_SYSTEM.csv
E,MMUNE_SYSTEM,IL21,SupFig4E_MMUNE_SYSTEM.csv
E,MMUNE_SYSTEM,IL37,SupFig4E_MMUNE_SYSTEM.csv
E,MMUNE_SYSTEM,IL20,SupFig4E_MMUNE_SYSTEM.csv
E,MMUNE_SYSTEM,IL5RA,SupFig4E_MMUNE_SYSTEM.csv
E,MMUNE_SYSTEM,IL12A,SupFig4E_MMUNE_SYSTEM.csv
E,MMUNE_SYSTEM,IL26,SupFig4E_MMUNE_SYSTEM.csv
E,MMUNE_SYSTEM,IL27,SupFig4E_MMUNE_SYSTEM.csv
E,MMUNE_SYSTEM,IL18RAP,SupFig4E_MMUNE_SYSTEM.csv
E,MMUNE_SYSTEM,IRF9,SupFig4E_MMUNE_SYSTEM.csv
E,MMUNE_SYSTEM,HRAS,SupFig4E_MMUNE_SYSTEM.csv
E,MMUNE_SYSTEM,HLA-H,SupFig4E_MMUNE_SYSTEM.csv
E,MMUNE_SYSTEM,IL31RA,SupFig4E_MMUNE_SYSTEM.csv
E,MMUNE_SYSTEM,HLA-G,SupFig4E_MMUNE_SYSTEM.csv
E,MMUNE_SYSTEM,IL5,SupFig4E_MMUNE_SYSTEM.csv
E,MMUNE_SYSTEM,IL19,SupFig4E_MMUNE_SYSTEM.csv
E,MMUNE_SYSTEM,IL20RB,SupFig4E_MMUNE_SYSTEM.csv
E,MMUNE_SYSTEM,IL21R,SupFig4E_MMUNE_SYSTEM.csv
E,MMUNE_SYSTEM,IL10,SupFig4E_MMUNE_SYSTEM.csv
E,MMUNE_SYSTEM,IL17RE,SupFig4E_MMUNE_SYSTEM.csv
E,MMUNE_SYSTEM,IL13,SupFig4E_MMUNE_SYSTEM.csv
E,MMUNE_SYSTEM,IL24,SupFig4E_MMUNE_SYSTEM.csv
E,MMUNE_SYSTEM,IL23R,SupFig4E_MMUNE_SYSTEM.csv
E,MMUNE_SYSTEM,ILF3,SupFig4E_MMUNE_SYSTEM.csv
E,MMUNE_SYSTEM,IL12RB2,SupFig4E_MMUNE_SYSTEM.csv
E,MMUNE_SYSTEM,JAK3,SupFig4E_MMUNE_SYSTEM.csv
E,MMUNE_SYSTEM,IL18BP,SupFig4E_MMUNE_SYSTEM.csv
E,MMUNE_SYSTEM,IL12RB1,SupFig4E_MMUNE_SYSTEM.csv
E,MMUNE_SYSTEM,IL13RA2,SupFig4E_MMUNE_SYSTEM.csv
E,MMUNE_SYSTEM,ITGAX,SupFig4E_MMUNE_SYSTEM.csv
E,MMUNE_SYSTEM,IL1RAP,SupFig4E_MMUNE_SYSTEM.csv
E,MMUNE_SYSTEM,IL17RB,SupFig4E_MMUNE_SYSTEM.csv
E,MMUNE_SYSTEM,IL1RL1,SupFig4E_MMUNE_SYSTEM.csv
E,MMUNE_SYSTEM,ISG20,SupFig4E_MMUNE_SYSTEM.csv
E,MMUNE_SYSTEM,HSPA1L,SupFig4E_MMUNE_SYSTEM.csv
E,MMUNE_SYSTEM,IL15,SupFig4E_MMUNE_SYSTEM.csv
E,MMUNE_SYSTEM,IFI30,SupFig4E_MMUNE_SYSTEM.csv
E,MMUNE_SYSTEM,IFIT3,SupFig4E_MMUNE_SYSTEM.csv
E,MMUNE_SYSTEM,HLA-DQB2,SupFig4E_MMUNE_SYSTEM.csv
E,MMUNE_SYSTEM,IL17RC,SupFig4E_MMUNE_SYSTEM.csv
E,MMUNE_SYSTEM,IL1R1,SupFig4E_MMUNE_SYSTEM.csv
E,MMUNE_SYSTEM,ISG15,SupFig4E_MMUNE_SYSTEM.csv
E,MMUNE_SYSTEM,SEM1,SupFig4E_MMUNE_SYSTEM.csv
E,MMUNE_SYSTEM,SQSTM1,SupFig4E_MMUNE_SYSTEM.csv
E,MMUNE_SYSTEM,PSMD7,SupFig4E_MMUNE_SYSTEM.csv
E,MMUNE_SYSTEM,RAP1B,SupFig4E_MMUNE_SYSTEM.csv
E,MMUNE_SYSTEM,PPP2CB,SupFig4E_MMUNE_SYSTEM.csv
E,MMUNE_SYSTEM,RORA,SupFig4E_MMUNE_SYSTEM.csv
E,MMUNE_SYSTEM,PSMC1,SupFig4E_MMUNE_SYSTEM.csv
E,MMUNE_SYSTEM,SOX2,SupFig4E_MMUNE_SYSTEM.csv
E,MMUNE_SYSTEM,RBX1,SupFig4E_MMUNE_SYSTEM.csv
E,MMUNE_SYSTEM,PTPN4,SupFig4E_MMUNE_SYSTEM.csv
E,MMUNE_SYSTEM,POM121,SupFig4E_MMUNE_SYSTEM.csv
E,MMUNE_SYSTEM,PSMB1,SupFig4E_MMUNE_SYSTEM.csv
E,MMUNE_SYSTEM,PRKACA,SupFig4E_MMUNE_SYSTEM.csv
E,MMUNE_SYSTEM,PTGS2,SupFig4E_MMUNE_SYSTEM.csv
E,MMUNE_SYSTEM,PTPN9,SupFig4E_MMUNE_SYSTEM.csv
E,MMUNE_SYSTEM,PPP2R1B,SupFig4E_MMUNE_SYSTEM.csv
E,MMUNE_SYSTEM,PTPN1,SupFig4E_MMUNE_SYSTEM.csv
E,MMUNE_SYSTEM,SOCS6,SupFig4E_MMUNE_SYSTEM.csv
E,MMUNE_SYSTEM,PITPNA,SupFig4E_MMUNE_SYSTEM.csv
E,MMUNE_SYSTEM,SOS1,SupFig4E_MMUNE_SYSTEM.csv
E,MMUNE_SYSTEM,PSME2,SupFig4E_MMUNE_SYSTEM.csv
E,MMUNE_SYSTEM,TAB2,SupFig4E_MMUNE_SYSTEM.csv
E,MMUNE_SYSTEM,PIN1,SupFig4E_MMUNE_SYSTEM.csv
E,MMUNE_SYSTEM,SMAD3,SupFig4E_MMUNE_SYSTEM.csv
E,MMUNE_SYSTEM,STAT6,SupFig4E_MMUNE_SYSTEM.csv
E,MMUNE_SYSTEM,TNIP2,SupFig4E_MMUNE_SYSTEM.csv
E,MMUNE_SYSTEM,PPP2R5D,SupFig4E_MMUNE_SYSTEM.csv
E,MMUNE_SYSTEM,POMC,SupFig4E_MMUNE_SYSTEM.csv
E,MMUNE_SYSTEM,PPIA,SupFig4E_MMUNE_SYSTEM.csv
E,MMUNE_SYSTEM,PIK3CA,SupFig4E_MMUNE_SYSTEM.csv
E,MMUNE_SYSTEM,SOCS1,SupFig4E_MMUNE_SYSTEM.csv
E,MMUNE_SYSTEM,RIPK2,SupFig4E_MMUNE_SYSTEM.csv
E,MMUNE_SYSTEM,PELI2,SupFig4E_MMUNE_SYSTEM.csv
E,MMUNE_SYSTEM,RAPGEF1,SupFig4E_MMUNE_SYSTEM.csv
E,MMUNE_SYSTEM,TNFRSF17,SupFig4E_MMUNE_SYSTEM.csv
E,MMUNE_SYSTEM,NUP43,SupFig4E_MMUNE_SYSTEM.csv
E,MMUNE_SYSTEM,NLRX1,SupFig4E_MMUNE_SYSTEM.csv
E,MMUNE_SYSTEM,NUP85,SupFig4E_MMUNE_SYSTEM.csv
E,MMUNE_SYSTEM,NUP160,SupFig4E_MMUNE_SYSTEM.csv
E,MMUNE_SYSTEM,POM121C,SupFig4E_MMUNE_SYSTEM.csv
E,MMUNE_SYSTEM,NOD1,SupFig4E_MMUNE_SYSTEM.csv
E,MMUNE_SYSTEM,PTPN20,SupFig4E_MMUNE_SYSTEM.csv
E,MMUNE_SYSTEM,PIK3CD,SupFig4E_MMUNE_SYSTEM.csv
E,MMUNE_SYSTEM,SNAP25,SupFig4E_MMUNE_SYSTEM.csv
E,MMUNE_SYSTEM,NUP153,SupFig4E_MMUNE_SYSTEM.csv
E,MMUNE_SYSTEM,PIK3CB,SupFig4E_MMUNE_SYSTEM.csv
E,MMUNE_SYSTEM,RSAD2,SupFig4E_MMUNE_SYSTEM.csv
E,MMUNE_SYSTEM,SOCS5,SupFig4E_MMUNE_SYSTEM.csv
E,MMUNE_SYSTEM,TNFRSF25,SupFig4E_MMUNE_SYSTEM.csv
E,MMUNE_SYSTEM,STX1A,SupFig4E_MMUNE_SYSTEM.csv
E,MMUNE_SYSTEM,RELB,SupFig4E_MMUNE_SYSTEM.csv
E,MMUNE_SYSTEM,TAB1,SupFig4E_MMUNE_SYSTEM.csv
E,MMUNE_SYSTEM,OAS3,SupFig4E_MMUNE_SYSTEM.csv
E,MMUNE_SYSTEM,PTPN5,SupFig4E_MMUNE_SYSTEM.csv
E,MMUNE_SYSTEM,STX4,SupFig4E_MMUNE_SYSTEM.csv
E,MMUNE_SYSTEM,PIK3R2,SupFig4E_MMUNE_SYSTEM.csv
E,MMUNE_SYSTEM,NKIRAS1,SupFig4E_MMUNE_SYSTEM.csv
E,MMUNE_SYSTEM,SERPINB2,SupFig4E_MMUNE_SYSTEM.csv
E,MMUNE_SYSTEM,SLA2,SupFig4E_MMUNE_SYSTEM.csv
E,MMUNE_SYSTEM,TNFSF14,SupFig4E_MMUNE_SYSTEM.csv
E,MMUNE_SYSTEM,TGFB1,SupFig4E_MMUNE_SYSTEM.csv
E,MMUNE_SYSTEM,TNFSF9,SupFig4E_MMUNE_SYSTEM.csv
E,MMUNE_SYSTEM,TNFSF18,SupFig4E_MMUNE_SYSTEM.csv
E,MMUNE_SYSTEM,TNFRSF9,SupFig4E_MMUNE_SYSTEM.csv
E,MMUNE_SYSTEM,OSM,SupFig4E_MMUNE_SYSTEM.csv
E,MMUNE_SYSTEM,RAG1,SupFig4E_MMUNE_SYSTEM.csv
E,MMUNE_SYSTEM,OPRD1,SupFig4E_MMUNE_SYSTEM.csv
E,MMUNE_SYSTEM,TNFRSF13C,SupFig4E_MMUNE_SYSTEM.csv
E,MMUNE_SYSTEM,PRL,SupFig4E_MMUNE_SYSTEM.csv
E,MMUNE_SYSTEM,THOC5,SupFig4E_MMUNE_SYSTEM.csv
E,MMUNE_SYSTEM,NOS2,SupFig4E_MMUNE_SYSTEM.csv
E,MMUNE_SYSTEM,TNFRSF13B,SupFig4E_MMUNE_SYSTEM.csv
E,MMUNE_SYSTEM,PTPRZ1,SupFig4E_MMUNE_SYSTEM.csv
E,MMUNE_SYSTEM,PSMA6,SupFig4E_MMUNE_SYSTEM.csv
E,MMUNE_SYSTEM,RAG2,SupFig4E_MMUNE_SYSTEM.csv
E,MMUNE_SYSTEM,NLRC5,SupFig4E_MMUNE_SYSTEM.csv
E,MMUNE_SYSTEM,OASL,SupFig4E_MMUNE_SYSTEM.csv
E,MMUNE_SYSTEM,TNFRSF18,SupFig4E_MMUNE_SYSTEM.csv
E,MMUNE_SYSTEM,TNFRSF8,SupFig4E_MMUNE_SYSTEM.csv
E,MMUNE_SYSTEM,TNFSF15,SupFig4E_MMUNE_SYSTEM.csv
E,MMUNE_SYSTEM,SDC1,SupFig4E_MMUNE_SYSTEM.csv
E,MMUNE_SYSTEM,RNASEL,SupFig4E_MMUNE_SYSTEM.csv
E,MMUNE_SYSTEM,SAA1,SupFig4E_MMUNE_SYSTEM.csv
E,MMUNE_SYSTEM,PLCG1,SupFig4E_MMUNE_SYSTEM.csv
E,MMUNE_SYSTEM,TNFSF11,SupFig4E_MMUNE_SYSTEM.csv
E,MMUNE_SYSTEM,PELI3,SupFig4E_MMUNE_SYSTEM.csv
E,MMUNE_SYSTEM,SPHK1,SupFig4E_MMUNE_SYSTEM.csv
E,MMUNE_SYSTEM,TNFRSF4,SupFig4E_MMUNE_SYSTEM.csv
E,MMUNE_SYSTEM,PSMD12,SupFig4E_MMUNE_SYSTEM.csv
E,MMUNE_SYSTEM,NFKB2,SupFig4E_MMUNE_SYSTEM.csv
E,MMUNE_SYSTEM,OPRM1,SupFig4E_MMUNE_SYSTEM.csv
E,MMUNE_SYSTEM,STAT5A,SupFig4E_MMUNE_SYSTEM.csv
E,MMUNE_SYSTEM,PLCG2,SupFig4E_MMUNE_SYSTEM.csv
E,MMUNE_SYSTEM,STAT5B,SupFig4E_MMUNE_SYSTEM.csv
E,MMUNE_SYSTEM,TNFSF13,SupFig4E_MMUNE_SYSTEM.csv
E,MMUNE_SYSTEM,TIFA,SupFig4E_MMUNE_SYSTEM.csv
E,MMUNE_SYSTEM,TNFSF13B,SupFig4E_MMUNE_SYSTEM.csv
E,MMUNE_SYSTEM,OAS1,SupFig4E_MMUNE_SYSTEM.csv
