stage,group,comparison,pathway,pathway_readable,setSize,NES,pvalue,p.adjust,qvalues,rank,leading_edge,core_enrichment,neglog10_fdr
Round_Spermatids,OA,OA vs Ctrl,HALLMARK_EPITHELIAL_MESENCHYMAL_TRANSITION,Epithelial Mesenchymal Transition,198,2.11930084393033,1e-10,5e-09,1.57894736842105e-09,3436,"tags=37%, list=9%, signal=34%",MYL9/MGP/TPM2/CALD1/LGALS1/TIMP3/MYLK/DCN/VIM/SPARC/TPM1/TIMP1/TPM4/ITGB1/TAGLN/GADD45B/FLNA/JUN/ACTA2/POSTN/SAT1/CD59/BGN/RHOB/ID2/FN1/EMP3/SERPINE1/DPYSL3/COL1A2/FBN1/CALU/CAP2/COL4A1/CXCL12/FSTL1/MEST/SGCB/COPA/THBS1/GADD45A/COL6A2/PMP22/ENO2/NOTCH2/SERPINH1/LUM/MFAP5/IL32/COL1A1/IGFBP4/COL4A2/MMP2/ECM2/SLIT3/DAB2/PDGFRB/COL5A1/COL6A3/QSOX1/FAS/INHBA/SPOCK1/CXCL8/IGFBP3/FSTL3/LAMC1/SERPINE2/WIPF1/FBLN5/FUCA1/PLOD1/ABI3BP,8.301029995663981
Round_Spermatids,OA,OA vs Ctrl,HALLMARK_COAGULATION,Coagulation,135,2.04744496314813,4.11484862711525e-10,1.02871215677881e-08,3.2485647056173e-09,2959,"tags=32%, list=8%, signal=29%",A2M/TIMP3/SPARC/TIMP1/CSRP1/SERPING1/CRIP2/GSN/CD9/WDR1/RAC1/CAPN2/SIRT2/CTSB/FN1/PECAM1/VWF/C1R/PRSS23/SERPINE1/GNG12/FBN1/F8/GNB2/LAMP2/THBS1/C1S/ANXA1/CFH/CTSO/CLU/APOA1/C1QA/CFD/S100A13/MSRB2/MMP2/PEF1/THBD/HMGCS2/CTSK/TF/DUSP14,7.98770612787147
Round_Spermatids,OA,OA vs Ctrl,HALLMARK_APOPTOSIS,Apoptosis,159,1.99862540809892,8.38189221332482e-10,1.39698203555414e-08,4.41152221753938e-09,3180,"tags=40%, list=9%, signal=36%",IFITM3/TIMP3/GPX3/HSPB1/CAV1/DCN/TXNIP/TIMP1/GADD45B/GSN/SOD1/JUN/LGALS3/SAT1/BGN/RHOB/IGFBP6/NEDD9/TSPO/DNM1L/CTNNB1/BCAP31/SPTAN1/ADD1/BTG2/LMNA/TNFSF10/MCL1/APP/HMGB2/ROCK1/CDKN1A/CDKN1B/GADD45A/ANXA1/ENO2/CLU/CCND2/DNAJC3/IRF1/LUM/CASP3/HGF/BNIP3L/CCND1/MMP2/ATF3/EMP1/CREBBP/PDGFRB/PDCD4/GPX1/IFNGR1/FEZ1/ETF1/BTG3/FAS/XIAP/DAP3/PTK2/CASP2/F2R/SOD2,7.854809178645926
Round_Spermatids,OA,OA vs Ctrl,HALLMARK_APICAL_JUNCTION,Apical Junction,198,1.94313487623725,2.04006422153195e-09,2.04006422153195e-08,6.44230806799564e-09,3185,"tags=26%, list=9%, signal=24%",ACTB/MYL9/PFN1/ITGB1/CD99/NEXN/MSN/ACTG1/ACTG2/MAP3K20/MYL12B/ACTN1/VCL/PECAM1/VWF/MYH9/GNAI2/CTNNA1/ARPC2/ACTN4/RRAS/CD34/FBN1/TJP1/YWHAH/TIAL1/WASL/ZYX/RSU1/LIMA1/HADH/CLDN5/GAMT/PARVA/AMIGO2/SLC30A3/CAP1/MMP2/CX3CL1/MDK/CNN2/FSCN1/B4GALT1/GTF2F1/CTNND1/ITGA9/EGFR/PTK2/SORBS3/MYH10/VASP,7.6903561607025654
Round_Spermatids,OA,OA vs Ctrl,HALLMARK_TNFA_SIGNALING_VIA_NFKB,Tnfa Signaling Via Nfkb,198,1.94381401399588,1.92161766187227e-09,2.04006422153195e-08,6.44230806799564e-09,3668,"tags=36%, list=10%, signal=33%",FOS/DUSP1/GADD45B/JUN/NFKBIA/SAT1/KLF6/IER2/HES1/RHOB/EGR1/ZFP36/LITAF/JUNB/ID2/PLK2/JAG1/BTG1/ETS2/IL6ST/EIF1/NINJ1/BTG2/SERPINE1/PNRC1/PDLIM5/CEBPD/NFE2L2/MCL1/TSC22D1/PHLDA2/CDKN1A/ATP2B1/PPP1R15A/GADD45A/DRAM1/CCL2/SGK1/IRF1/PER1/KLF10/CCND1/KLF2/CXCL3/EDN1/MYC/ATF3/IFNGR2/PLPP3/BTG3/BCL6/B4GALT1/TNFAIP8/EFNA1/HBEGF/INHBA/CCNL1/NAMPT/DNAJB4/MARCKS/NFAT5/SOD2/TNIP1/CSF1/F3/KLF9/CCL4/MXD1/FOSB/NR4A2/KDM6B,7.6903561607025654
Round_Spermatids,OA,OA vs Ctrl,HALLMARK_INTERFERON_GAMMA_RESPONSE,Interferon Gamma Response,195,1.89532969598521,2.46651619800585e-08,1.91911889813906e-07,6.06037546780754e-08,5030,"tags=43%, list=13%, signal=37%",B2M/IFITM3/MT2A/TXNIP/CD74/IFITM2/IFI27/SERPING1/NFKBIA/HLA-B/MTHFD2/HLA-A/ARID5B/LY6E/STAT3/BTG1/VAMP5/C1R/BST2/PSME1/TNFSF10/HLA-DMA/PSMA3/LGALS3BP/CDKN1A/SAMHD1/ADAR/IFI44L/FGL2/C1S/CFH/GBP4/PSMB9/CCL2/TRAFD1/IRF2/PSMB8/IRF1/CASP3/EIF2AK2/STAT2/PLSCR1/HIF1A/TAPBP/SAMD9L/UBE2L6/HLA-DQA1/GPR18/SSPN/FAS/IFI44/PTPN6/MVP/NMI/ISG15/NAMPT/NCOA3/SOD2/PSME2/APOL6/PARP14/LATS2/TDRD7/IFI35/IFIT1/CD40/SOCS1/TRIM21/OAS2/PML/LCP2/JAK2/CIITA/CXCL11/FCGR1A/ISOC1/CASP4/IFIT3/RIPK1/IFIH1/NFKB1/XAF1/RBCK1/IL15,6.716898117913772
Round_Spermatids,OA,OA vs Ctrl,HALLMARK_MYOGENESIS,Myogenesis,196,1.88121537247831,2.68676645739468e-08,1.91911889813906e-07,6.06037546780754e-08,3242,"tags=34%, list=9%, signal=31%",TPM2/MYH11/GPX3/IGFBP7/MYLK/SPARC/FHL1/ITGB1/TAGLN/GADD45B/EIF4A2/GSN/CRYAB/SVIL/APOD/BAG1/SIRT2/PDLIM7/CNN3/CKB/CASQ2/MYH9/LPIN1/SPTAN1/COX7A1/SYNGR2/ABLIM1/DMD/DES/COL15A1/PRNP/APP/GABARAPL2/AEBP1/CDKN1A/MAPRE3/CD36/COL6A2/TPM3/CLU/IFRD1/CFD/AGL/MYH3/COL1A1/COL4A2/SMTN/SOD3/SORBS1/SGCA/RB1/SSPN/MEF2A/ATP6AP1/COL6A3/DTNA/PTP4A3/MYO1C/HBEGF/IGFBP3/SORBS3/PICK1/LDB3/MEF2D/RIT1/ACSL1/GAA,6.716898117913772
Round_Spermatids,OA,OA vs Ctrl,HALLMARK_COMPLEMENT,Complement,199,1.69440959901819,2.07398806538264e-05,0.000129624254086415,4.09339749746574e-05,4745,"tags=36%, list=13%, signal=32%",PFN1/TIMP1/CD46/CSRP1/SERPING1/CALM1/LGALS3/CD55/ANXA5/CD59/CTSB/FN1/CPM/GNAI2/C1R/ZEB1/SERPINE1/CA2/HSPA1A/GPD2/F8/GNB2/CTSS/LAMP2/C1S/CTSD/KCNIP2/CFH/CD36/PSMB9/CTSO/IRF2/CLU/C1QA/IRF1/HSPA5/CASP3/CTSL/S100A13/PLSCR1/GRB2/COL4A2/RBSN/USP14/C1QC/RHOG/GNB4/CTSC/FCER1G/GNAI3/RNF4/USP15/F3/LGMN/PRDM4/DOCK9/F10/APOBEC3F/STX4/CPQ/PCLO/MMP14/SH2B3/LCP2/JAK2/LRP1/EHD1/DUSP6/CTSV/ME1/CASP4/ERAP2,3.887313729712534
Round_Spermatids,OA,OA vs Ctrl,HALLMARK_INFLAMMATORY_RESPONSE,Inflammatory Response,197,1.68835179590164,3.7294271520704e-05,0.000207190397337244,6.54285465275509e-05,5676,"tags=35%, list=15%, signal=30%",TIMP1/NFKBIA/CD55/KLF6/RGS1/LY6E/SLC7A2/EMP3/BTG2/SERPINE1/CALCRL/BST2/TNFSF10/HAS2/CDKN1A/CD82/ATP2B1/CCL2/IRF1/EIF2AK2/ABI1/HIF1A/TAPBP/EDN1/MYC/DCBLD2/CX3CL1/IFNGR2/RHOG/P2RX7/HBEGF/INHBA/AXL/CXCL8/GNAI3/NMI/NAMPT/ATP2A2/ACVR2A/CSF1/F3/RGS16/IFITM1/MXD1/C3AR1/CD40/CYBB/P2RX4/ACVR1B/CD14/MMP14/ITGA5/LCP2/RELA/CXCL11/SGMS2/IL1R1/MSR1/NFKB1/IL15/PLAUR/CMKLR1/GPR183/PTPRE/AHR/OSMR/PTAFR/ATP2C1/HPN,3.6836303767264544
Round_Spermatids,OA,OA vs Ctrl,HALLMARK_INTERFERON_ALPHA_RESPONSE,Interferon Alpha Response,95,1.80779781662981,4.38415881228117e-05,0.000219207940614059,6.92235601939132e-05,3842,"tags=44%, list=10%, signal=40%",B2M/IFITM3/TXNIP/CD74/IFITM2/IFI27/HLA-C/LY6E/BST2/PSME1/LPAR6/PSMA3/LGALS3BP/ADAR/IFI44L/C1S/ELF1/GBP4/PSMB9/TRAFD1/IRF2/PSMB8/IRF1/EIF2AK2/STAT2/PLSCR1/SAMD9L/UBE2L6/PARP9/MVB12A/IFI44/CNP/NMI/ISG15/PSME2/PARP14/CSF1/TDRD7/IFI35/IFITM1/NCOA7/TRIM21,3.659143717968657
Round_Spermatids,OA,OA vs Ctrl,HALLMARK_UV_RESPONSE_DN,Uv Response Dn,140,1.72659763050776,6.61143131708843e-05,0.000300519605322201,9.49009279964846e-05,3525,"tags=41%, list=9%, signal=37%",IGFBP5/CAV1/DUSP1/ANXA2/ATRX/MGLL/MT1E/MAP1B/LTBP1/ID1/NFIB/NRP1/PRKCE/NIPBL/SERPINE1/YTHDC1/COL1A2/TJP1/PDLIM5/FHL2/CAP2/PTPRM/CELF2/TGFBR2/HAS2/SYNE1/CDKN1B/ATP2B1/CDK13/WDR37/PLCB4/PMP22/CITED2/NOTCH2/ATP2B4/COL1A1/MYC/DAB2/PDGFRB/APBB2/PLPP3/ARHGEF9/ICA1/INPP4B/DLC1/KALRN/LAMC1/SLC22A18/KCNMA1/ACVR2A/FBLN5/GRK5/F3/NEK7/PRKAR2B/CDON/SYNJ2,3.5221271901986544
Round_Spermatids,OA,OA vs Ctrl,HALLMARK_P53_PATHWAY,P53 Pathway,192,1.62789095730991,0.000102599835630556,0.000427499315127317,0.000134999783724416,3957,"tags=34%, list=11%, signal=31%",TXNIP/S100A10/S100A4/FOS/TM4SF1/JUN/LDHB/ZFP36L1/NUPR1/SAT1/RACK1/PLK2/BTG1/CD81/STOM/NINJ1/BTG2/TSPYL2/DCXR/BLCAP/APP/TSC22D1/CDKN1A/EPHX1/CD82/SERTAD3/CTSD/PPP1R15A/SESN1/GADD45A/PDGFA/DRAM1/TOB1/PITPNC1/ZBTB16/TRAFD1/PTPN14/CCND2/HEXIM1/MDM2/TAX1BP3/ATF3/CCP110/RB1/SLC3A2/ZMAT3/FAS/KRT17/HBEGF/PRMT2/CCND3/F2R/XPC/FUCA1/AEN/RGS16/WRAP73/MXD1/MXD4/EI24/PCNA/SOCS1/NUDT15/ACVR1B/SEC61A1/ST14,3.36906457669409
Round_Spermatids,OA,OA vs Ctrl,HALLMARK_ADIPOGENESIS,Adipogenesis,197,1.64231022355276,0.000119789827649802,0.000460730106345392,0.000145493717793282,3016,"tags=34%, list=8%, signal=31%",SPARCL1/GPX3/MYLK/MGST3/CAVIN1/SOD1/SNCG/COX7B/MGLL/CD151/PRDX3/ADIG/IDH3G/COX8A/STOM/NDUFB7/SCP2/COL4A1/ATP1B3/DHRS7/COL15A1/GPD2/PEMT/TALDO1/ALDH2/HADH/YWHAG/GHITM/RAB34/GADD45A/CD36/ITIH5/TKT/RTN3/LIFR/GPAT4/ADIPOR2/TOB1/UBC/APLP2/BAZ2A/AGPAT3/REEP6/CAVIN2/SDHC/ACLY/NDUFAB1/FABP4/APOE/RIOK3/LIPE/SORBS1/PLIN2/PDCD4/CHUK/SSPN/IFNGR1/JAGN1/G3BP2/ELOVL6/BCL6/MAP4K3/OMD/CD302/CAT/CYC1,3.336553407906921
Round_Spermatids,OA,OA vs Ctrl,HALLMARK_ESTROGEN_RESPONSE_EARLY,Estrogen Response Early,197,1.60739624615314,0.000209787790241217,0.000749242108004347,0.000236602770948741,5760,"tags=37%, list=15%, signal=31%",FOS/FKBP5/ISG20L2/DYNLT3/SVIL/PDLIM3/BAG1/AKAP1/HES1/RAB31/SLC7A2/IL6ST/PRSS23/ABLIM1/DHRS3/FHL2/AFF1/CXCL12/BLVRB/RETREG1/SLC16A1/ELF1/ENDOD1/KRT15/TOB1/ABHD2/ELOVL2/RBBP8/KLF10/CCND1/IGFBP4/ABCA3/MYC/NBL1/MED13L/SLC1A4/AR/MAPT/B4GALT1/DLC1/SIAH2/RHOBTB3/FLNB/ARL3/OLFML3/CANT1/ITPK1/ELOVL5/XBP1/GLA/BCL2/THSD4/JAK2/UGCG/MYB/AREG/UNC119/BHLHE40/RARA/FRK/OLFM1/TGM2/MINDY1/TIAM1/PAPSS2/HSPB8/RET/KDM4B/FASN/NAV2/ASB13/PODXL,3.125377822914469
Round_Spermatids,OA,OA vs Ctrl,HALLMARK_XENOBIOTIC_METABOLISM,Xenobiotic Metabolism,196,1.57697680159863,0.000263098510211697,0.000876995034038991,0.000276945800222839,4146,"tags=33%, list=11%, signal=29%",MT2A/PTGDS/ACP1/ID2/PDK4/ETS2/GSTO1/ITIH4/NINJ1/ARPP19/SERPINE1/CA2/PDLIM5/DHRS7/DCXR/ADH5/ENPEP/PEMT/CYB5A/ALDH2/PTGES3/BLVRB/EPHX1/CD36/CBR1/HPRT1/MAOA/NDRG2/TMBIM6/ALAS1/IGFBP4/APOE/PGRMC1/CROT/CYP17A1/PTS/SSR3/FAS/ENTPD5/AKR1C3/TNFRSF1A/PTGR1/HES6/CAT/ATP2A2/SLC35B1/COMT/DHRS1/UGDH/GABARAPL1/ETFDH/FMO3/DDAH2/CDO1/F10/MAN1A1/SERTAD1/ALDH9A1/NQO1/GCLC/SPINT2/ELOVL5/ACP2/GSTM4,3.0570028658079273
Round_Spermatids,OA,OA vs Ctrl,HALLMARK_ANGIOGENESIS,Angiogenesis,35,1.79904714421816,0.000445057858915257,0.00139080580911018,0.000439201834455846,3025,"tags=40%, list=8%, signal=37%",TIMP1/S100A4/POSTN/LRPAP1/JAG1/NRP1/APP/FSTL1/SERPINA5/PDGFA/CCND2/LUM/THBD/PTK2,2.856733504026148
Round_Spermatids,OA,OA vs Ctrl,HALLMARK_IL2_STAT5_SIGNALING,Il2 Stat5 Signaling,198,1.5505898814837,0.000561737256612988,0.00165216840180291,0.000521737390043023,5567,"tags=39%, list=15%, signal=34%",IFITM3/AHNAK/GADD45B/CDCP1/KLF6/RHOB/GUCY1B1/MAPKAPK2/NRP1/CD81/CDKN1C/GSTO1/HOPX/HUWE1/PRAF2/SYNGR2/CA2/DHRS3/TNFSF10/PRNP/COL6A1/FGL2/ITIH5/GBP4/BMPR2/CCND2/CASP3/PLSCR1/MYC/EMP1/PLIN2/SYT11/IFNGR1/ITGA6/HIPK2/MYO1C/POU2F1/MYO1E/SWAP70/CCND3/SNX14/NCOA3/RORA/CSF1/GABARAPL1/TTC39B/CYFIP1/RGS16/MXD1/CTSZ/SOCS1/P2RX4/ANXA4/ETFBKMT/XBP1/LCLAT1/ABCB1/PTCH1/NFIL3/BCL2/UMPS/CDC42SE2/IL3RA/ENPP1/APLP1/NFKBIZ/CAPG/BHLHE40/NDRG1/SOCS2/TGM2/TIAM1/PDCD2L/ECM1/AHR/EEF1AKMT1/TNFRSF21/NCS1,2.781945688101395
Round_Spermatids,OA,OA vs Ctrl,HALLMARK_UV_RESPONSE_UP,Uv Response Up,155,1.57122965568963,0.000731453505897116,0.00203181529415866,0.000641625882365891,4632,"tags=37%, list=12%, signal=33%",GPX3/FOS/NFKBIA/PDLIM3/SLC25A4/RHOB/JUNB/BTG1/IL6ST/CDKN1C/SELENOW/BTG2/CA2/HNRNPU/CYB5R1/DDX21/EPHX1/RPN1/SIGMAR1/YKT6/ENO2/IRF1/MAOA/RFC4/CASP3/TMBIM6/CEBPG/ALAS1/UROD/ASNS/ATF3/PDAP1/CDC5L/EIF2S3/NTRK3/CDC34/BTG3/TUBA4A/TFRC/GLS/CNP/CCND3/NXF1/SOD2/AGO2/CDO1/MARK2/FOSB/CYB5B/AMD1/MMP14/NPTX2/ABCB1/SLC6A8/STIP1/STK25/HYAL2/CTSV,2.6921157749184736
Round_Spermatids,OA,OA vs Ctrl,HALLMARK_ALLOGRAFT_REJECTION,Allograft Rejection,186,1.54876836327022,0.000881197061332289,0.00231893963508497,0.000732296726868938,4489,"tags=24%, list=12%, signal=21%",B2M/CD74/TIMP1/HLA-DRA/HLA-E/FLNA/SRGN/HLA-A/UBE2N/HLA-DMA/EIF3A/CTSS/CCL2/CCND2/ABI1/HIF1A/TAPBP/ETS1/HLA-DQA1/IFNGR2/EIF3J/IFNGR1/FAS/HLA-DMB/INHBA/PTPN6/EGFR/CSK/CCND3/F2R/ACVR2A/FCGR2B/CSF1/GALNT1/CCL4/CD40/SOCS1/NME1/UBE2D1/SOCS5/LCP2/JAK2/NCK1/HLA-DOA/ITGB2,2.6347105564464086
Round_Spermatids,OA,OA vs Ctrl,HALLMARK_ESTROGEN_RESPONSE_LATE,Estrogen Response Late,196,1.50507670187345,0.00110877250705965,0.00277193126764914,0.000875346716099727,4478,"tags=33%, list=12%, signal=29%",CAV1/FOS/FKBP5/CD9/DYNLT3/PDLIM3/BAG1/ZFP36/RAB31/CKB/ID2/IL6ST/EMP2/PRSS23/CA2/AFF1/CXCL12/DCXR/MEST/SERPINA5/BLVRB/ALDH3A2/CPE/SLC16A1/HPRT1/TOB1/ABHD2/SGK1/MOCS2/RBBP8/ATP2B4/CCND1/IGFBP4/ABCA3/ASS1/NBL1/MDK/RABEP1/JAK1/PDCD4/SLC1A4/BTG3/KLK11/MAPT/HMGCS2/PTPN6/SIAH2/FLNB/ARL3/UGDH/PRKAR2B/ITPK1/ELOVL5/XBP1/ST14/SLC29A1/GLA/TSPAN13/BCL2/IDH2/SCUBE2/JAK2/MYB/AREG,2.557217542621119
Round_Spermatids,OA,OA vs Ctrl,HALLMARK_KRAS_SIGNALING_UP,Kras Signaling Up,196,1.48525125640339,0.00155879951470402,0.00371142741596194,0.00117202971030377,5111,"tags=34%, list=14%, signal=30%",SPARCL1/CCSER2/APOD/TSPAN1/KIF5C/ENG/GNG11/GADD45G/ID2/NRP1/PECAM1/GUCY1A1/SLPI/CA2/CDADC1/EVI5/CTSS/CPE/PPP1R15A/CFH/GYPC/PEG3/PSMB8/CCND2/MAP3K1/GLRX/LCP1/TOR1AIP2/PRELID3B/IL33/ETS1/DCBLD2/GPNMB/EMP1/CROT/TSPAN7/ACE/LAPTM5/HBEGF/INHBA/MMD/FCER1G/IGFBP3/F13A1/FUCA1/RGS16/C3AR1/ADAM17/ST6GAL1/SOX9/ABCB1/GPRC5B/TSPAN13/SPRY2/DUSP6/ITGB2/LAT2/CD37/STRN/MPZL2/SDCCAG8/ANO1/BIRC3/PLAUR/NGF/ALDH1A3/CMKLR1,2.430459028484716
Round_Spermatids,OA,OA vs Ctrl,HALLMARK_IL6_JAK_STAT3_SIGNALING,Il6 Jak Stat3 Signaling,83,1.64501192670287,0.00177263607745716,0.00402871835785717,0.00127222684984963,4867,"tags=31%, list=13%, signal=27%",A2M/CD9/JUN/PTPN11/STAT3/IL6ST/PLA2G2A/IL13RA1/CD36/IRF1/LEPR/STAT2/GRB2/CXCL3/IFNGR2/IFNGR1/FAS/TNFRSF1A/CSF1/SOCS1/ACVR1B/CD14/IL3RA/CXCL11/IL1R1/PDGFC,2.394833092478552
Round_Spermatids,OA,OA vs Ctrl,HALLMARK_HYPOXIA,Hypoxia,197,1.4750322679785,0.00232057949519341,0.00504473803302916,0.001593075168325,5052,"tags=41%, list=14%, signal=35%",CAV1/DCN/MT2A/S100A4/FOS/DUSP1/ANXA2/CAVIN1/JUN/MT1E/KLF6/BGN/TPI1/ZFP36/BTG1/MYH9/MXI1/CDKN1C/SERPINE1/PNRC1/ERRFI1/GPI/WSB1/CDKN1A/CDKN1B/PAM/PPP1R15A/PGK1/ENO2/JMJD6/CITED2/MAP3K1/HSPA5/IDS/GLRX/PDK3/BNIP3L/ETS1/ATF3/PLIN2/SELENBP1/ANKZF1/HK1/COL5A1/DTNA/CSRP2/EFNA1/HDLBP/IGFBP3/EGFR/SIAH2/PRDX5/RORA/GAA/F3/PPP1R3C/AK4/KLHL24/CHST3/RBPJ/NDST1/HS3ST1/NFIL3/TES/BCL2/VHL/KLF7/PGF/PYGM/CCNG2/FOXO3/VLDLR/PFKL/BHLHE40/INHA/HEXA/ENO1/NDRG1/TGM2/PLAUR,2.2971613812137535
Round_Spermatids,OA,OA vs Ctrl,HALLMARK_TGF_BETA_SIGNALING,Tgf Beta Signaling,54,1.62990533720519,0.00450084230315037,0.00937675479822993,0.00296108046259893,4231,"tags=48%, list=11%, signal=43%",ID3/ENG/SPTBN1/RHOA/RAB31/JUNB/ID2/ID1/FKBP1A/CDKN1C/CTNNB1/SERPINE1/TJP1/THBS1/ARID4B/PPP1R15A/BMPR2/KLF10/IFNGR2/HIPK2/XIAP/FNTA/CDK9/WWTR1/HDAC1/LTBP2,2.0279474406271527
Round_Spermatids,OA,OA vs Ctrl,HALLMARK_HEME_METABOLISM,Heme Metabolism,194,1.41184588893467,0.00540291899266802,0.0103902288320539,0.00328112489433281,5040,"tags=37%, list=13%, signal=32%",HBB/MGST3/TCEA1/TNS1/BACH1/DCUN1D1/CTSB/ACKR1/MXI1/SDCBP/ADD1/CAST/BTG2/CA2/RBM5/SEC14L1/BLVRB/LAMP2/ENDOD1/AGPAT4/ISCA1/GYPC/PRDX2/BCAM/ARHGEF12/TMEM9B/BNIP3L/RIOK3/UROD/ASNS/TRIM58/SELENBP1/NFE2L1/ADIPOR1/TOP1/PICALM/FBXO7/TRAK2/BTRC/CTNS/VEZF1/TFRC/ADD2/KLF3/CAT/BLVRA/CCND3/TNRC6B/LRP10/XPO7/HBZ/FBXO34/USP15/FTCD/NEK7/KAT2B/CLCN3/GCLC/ATP6V0A1/MARK3/YPEL5/SLC6A8/GAPVD1/FOXO3/PGLS/SLC25A38/RANBP10/ABCG2/PSMD9/SLC10A3/ACP5/ALAD,1.9833748875338797
Round_Spermatids,OA,OA vs Ctrl,HALLMARK_MTORC1_SIGNALING,Mtorc1 Signaling,197,1.42773512629644,0.00521820839045548,0.0103902288320539,0.00328112489433281,4943,"tags=46%, list=13%, signal=40%",IGFBP5/CD9/TCEA1/NFKBIB/CANX/NUPR1/MTHFD2/TPI1/HSPD1/PPIA/HSP90B1/PPA1/CCT6A/BTG2/PSMC6/GPI/MLLT11/PSME3/HSPA9/PSMA3/PITPNB/CDKN1A/FGL2/PPP1R15A/RPN1/PGK1/FKBP2/HPRT1/ADIPOR2/YKT6/ACTR2/IFRD1/HSPE1/SEC11A/SERPINH1/UCHL5/PRDX1/HSPA5/UFM1/HMGCR/ATP5MC1/GLRX/ACLY/USO1/PNO1/ASNS/PDAP1/ETF1/SLC1A4/ELOVL6/TM7SF2/TUBA4A/CTSC/PSMD12/TFRC/NAMPT/FADS1/ATP2A2/RIT1/G6PD/LGMN/AK4/CYB5B/SDF2L1/SQLE/CTH/IMMT/RAB1A/GCLC/ELOVL5/XBP1/ABCF2/ATP6V1D/GLA/NFIL3/TES/TXNRD1/STIP1/ITGB2/RDH11/VLDLR/ME1/SCD/NUFIP1/PFKL/BHLHE40/CCNG1/TMEM97/SC5D/ENO1,1.9833748875338797
Round_Spermatids,OA,OA vs Ctrl,HALLMARK_ANDROGEN_RESPONSE,Androgen Response,98,1.51667670264101,0.00772644428752209,0.0143082301620779,0.00451838847223514,3090,"tags=40%, list=8%, signal=37%",B2M/FKBP5/CDK6/MYL12A/SLC38A2/SAT1/ARID5B/UBE2J1/ACTN1/GUCY1A1/LMAN1/VAPA/PDLIM5/XRCC5/TMEM50A/TSC22D1/GPD1L/SEC24D/ELK4/LIFR/MAF/ABHD2/SGK1/IQGAP2/HMGCR/STEAP4/SMS/CCND1/ADAMTS1/NGLY1/B4GALT1/TNFAIP8/INPP4B/APPBP2/GNAI3/SELENOP/CCND3/UBE2I/FADS1,1.844414082409257
Round_Spermatids,OA,OA vs Ctrl,HALLMARK_REACTIVE_OXYGEN_SPECIES_PATHWAY,Reactive Oxygen Species Pathway,48,1.61693619409643,0.00911640443929847,0.0162792936416044,0.00514082957103297,4469,"tags=46%, list=12%, signal=40%",FTL/GPX3/SOD1/PDLIM1/GLRX2/JUNB/PRDX6/TXN/PRNP/PRDX2/PRDX1/GLRX/CAT/SOD2/G6PD/PRDX4/NQO1/GCLC/HMOX2/TXNRD1/NDUFS2/STK25,1.7883644430714294
Round_Spermatids,OA,OA vs Ctrl,HALLMARK_PROTEIN_SECRETION,Protein Secretion,93,1.50217513145371,0.0115925469314513,0.0199871498818125,0.00631173154162501,5163,"tags=55%, list=14%, signal=47%",CD63/SOD1/CAV2/SEC31A/ATP1A1/LMAN1/DNM1L/VAMP3/COPE/CLTC/TMX1/ERGIC3/LAMP2/PAM/ARCN1/YIPF6/SEC24D/AP3B1/YKT6/NAPG/STX12/OCRL/TMED2/RAB14/ARFGAP3/STX7/ANP32E/USO1/SEC22B/ARF1/SSPN/COPB1/CTSC/ICA1/EGFR/ATP6V1H/COG2/GALC/ADAM10/CLCN3/SGMS1/GLA/ARFGEF1/VAMP7/TMED10/ARFGEF2/RAB22A/SNAP23/RER1/AP2S1/GOSR2,1.699249130786853
Round_Spermatids,OA,OA vs Ctrl,HALLMARK_WNT_BETA_CATENIN_SIGNALING,Wnt Beta Catenin Signaling,42,1.56730081326369,0.0143212307386242,0.0238687178977071,0.00753748986243381,6186,"tags=48%, list=17%, signal=40%",JAG1/CTNNB1/NKD1/CCND2/MYC/CUL1/HDAC11/CSNK1E/GNAI1/ADAM17/RBPJ/PTCH1/HDAC2/DVL2/NOTCH1/HEY1/AXIN2/JAG2/PPARD/WNT6,1.6221709083876832
Round_Spermatids,OA,OA vs Ctrl,HALLMARK_FATTY_ACID_METABOLISM,Fatty Acid Metabolism,156,1.34975965620852,0.0196052248305787,0.0316213303719012,0.00998568327533722,3528,"tags=35%, list=9%, signal=31%",LGALS1/S100A10/GLUL/MGLL/IDH3G/MDH1/SERINC1/PRDX6/ALDH1A1/CA2/PCBD1/PSME1/YWHAH/METAP1/GPD2/PTPRG/HADH/ALDH3A2/EPHX1/APEX1/ACSS1/HSD17B11/AOC3/SDHD/CD36/CBR1/ADIPOR2/PDHA1/ACSL4/HSD17B10/ENO2/NSDHL/SUCLG2/MLYCD/MAOA/REEP6/ERP29/SMS/SDHC/UROD/UBE2L6/INMT/PTS/HMGCS2/HCCS/HSD17B4/BLVRA/ACSL1/MDH2/UGDH/ACAA2/GABARAPL1/ETFDH/OSTC,1.5000198623917487
Round_Spermatids,OA,OA vs Ctrl,HALLMARK_PI3K_AKT_MTOR_SIGNALING,Pi3k Akt Mtor Signaling,103,1.38468446285074,0.024293780762118,0.0379590324408094,0.0119870628760451,5313,"tags=37%, list=14%, signal=32%",PFN1/CFL1/YWHAB/NFKBIB/EIF4E/RAC1/PTPN11/PRKAR2A/UBE2N/HSP90B1/DUSP3/CLTC/CDKN1A/CDKN1B/RALB/ACTR2/STAT2/GRB2/SMAD2/ARF1/MAPK8/TNFRSF1A/EGFR/RIT1/ECSIT/MAPK9/ATF1/NCK1/ARPC3/PRKAA2/PPP1CA/TRAF2/RIPK1/NGF/ACACA/TIAM1/ADCY2/MKNK2,1.4206848660806979
Round_Spermatids,OA,OA vs Ctrl,HALLMARK_SPERMATOGENESIS,Spermatogenesis,132,-1.30868113720823,0.0269919024475656,0.0408968218902509,0.0129147858600792,2578,"tags=39%, list=7%, signal=36%",SCG3/SIRT1/CNIH2/TEKT2/MLLT10/NAA11/MAP7/SYCP1/CCNA1/IL13RA2/HSPA2/CLGN/ACRBP/EZH2/NEK2/ART3/STAM2/CDK1/IFT88/ZC2HC1C/VDAC3/CDKN3/COIL/PDHA2/IDE/TULP2/AGFG1/PIAS2/THEG/CAMK4/SCG5/PACRG/RAD17/ADAM2/ODF1/CCNB2/PAPOLB/PGK2/DBF4/NPHP1/TTK/DDX25/ADAD1/ZPBP/PSMG1/CCT6B/GSTM3/LDHC/TUBA3C/GAPDHS/TSSK2,1.3883104398937554
Round_Spermatids,OA,OA vs Ctrl,HALLMARK_MYC_TARGETS_V1,Myc Targets V1,181,1.28225379577324,0.0329359241714719,0.0484351826051057,0.015295320822665,2754,"tags=38%, list=7%, signal=35%",HSP90AB1/EIF4H/SSB/EIF4E/CANX/ACP1/PRDX3/EEF1B2/RACK1/HNRNPA1/GLO1/CNBP/HSPD1/PSMA7/PRPS2/FBL/SMARCC1/PPIA/C1QBP/HNRNPA2B1/UBE2L3/EIF4G2/DEK/SLC25A3/EIF1AX/UBA2/HNRNPU/SYNCRIP/PSMC6/HDDC2/XPO1/HNRNPR/DDX21/PTGES3/SNRPD3/APEX1/PGK1/DDX18/TRA2B/PPM1G/HPRT1/IMPDH2/LSM2/DUT/IFRD1/G3BP1/HSPE1/GNL3/SF3A1/SRSF2/RFC4/LSM7/SET/PHB2/SNRPD2/HNRNPA3/VBP1/NDUFAB1/CLNS1A/MYC/TOMM70/CUL1/EIF3J/RAD23B/ETF1/FAM120A/UBE2E1/RNPS1,1.3148390585938179
Round_Spermatids,OA,OA vs Ctrl,HALLMARK_HEDGEHOG_SIGNALING,Hedgehog Signaling,36,1.42121050001068,0.0398385240002919,0.0569121771432741,0.0179722664662971,4634,"tags=36%, list=12%, signal=32%",CDK6/ETS2/NRP1/MYH9/DPYSL2/ADGRG1/SLIT1/TLE3/PTCH1/PML/LDB1/UNC5C/VLDLR,1.2447948003831557
Round_Spermatids,OA,OA vs Ctrl,HALLMARK_CHOLESTEROL_HOMEOSTASIS,Cholesterol Homeostasis,72,1.32293215304609,0.0669745958429561,0.0930202720041057,0.0293748227381386,5052,"tags=43%, list=14%, signal=37%",S100A11/CD9/LGALS3/ANXA5/ACTG1/JAG1/CTNNB1/PNRC1/STX5/CXCL16/ERRFI1/CLU/NSDHL/ANTXR2/HMGCR/PDK3/PLSCR1/ATF3/TM7SF2/PMVK/GPX8/GNAI1/SREBF2/LGMN/SQLE/NFIL3/SCD/LPL/TMEM97/SC5D/PLAUR,1.031422394885678
Round_Spermatids,OA,OA vs Ctrl,HALLMARK_MITOTIC_SPINDLE,Mitotic Spindle,198,1.20666439743959,0.082089552238806,0.110931827349738,0.0350311033736014,3500,"tags=32%, list=9%, signal=29%",SORBS2/CDC42/GSN/FLNA/NET1/DYNLL2/EZR/SPTBN1/VCL/MYH9/WASF2/NEDD9/CENPJ/SMC1A/PALLD/ACTN4/SPTAN1/STAU1/RABGAP1/KIF2C/PDLIM5/UXT/WASL/STK38L/CEP57/RALBP1/CLASP1/ROCK1/ARHGAP29/CAPZB/CLIP1/RAPGEF5/FGD4/HOOK3/CYTH2/CTTN/NOTCH2/ARHGEF12/CSNK1D/TUBGCP2/ABI1/PCNT/SMC3/ARHGAP10/PAFAH1B1/CKAP5/WASF1/FSCN1/TUBA4A/ABR/ARHGAP5/AKAP13/MYO1E/SMC4/MYH10/CEP192/FLNB/MARCKS/LRPPRC/CDC42EP4/MID1/ARHGEF7/SYNPO,0.954943832937558
Round_Spermatids,OA,OA vs Ctrl,HALLMARK_OXIDATIVE_PHOSPHORYLATION,Oxidative Phosphorylation,190,1.19517888921249,0.09,0.117647058823529,0.0371517027863777,4293,"tags=41%, list=11%, signal=36%",MGST3/NDUFA4/LDHB/ATP5MC3/SLC25A6/COX7B/ATP6V0E1/ATP5F1C/PRDX3/IDH3G/SLC25A4/CYB5R3/ATP5MC2/SLC25A5/MDH1/PDK4/NDUFA1/COX4I1/COX8A/NDUFB2/NDUFB7/UQCRH/SLC25A3/ATP6V1G1/UQCRC2/GPI/OAT/ATP6V0B/CYB5A/HSPA9/ATP6V1E1/BDH2/COX5B/COX7A2L/SDHD/MPC1/ISCA1/PDHA1/HSD17B10/OGDH/ETFA/NDUFS1/ATP5MC1/PHB2/OPA1/SDHC/ATP5F1A/ALAS1/NDUFAB1/TOMM70/ATP6AP1/ATP5F1D/HCCS/MAOB/ATP5F1E/GLUD1/CYC1/LRPPRC/NDUFA9/ATP6V1H/MDH2/ACAA2/SLC25A20/ETFDH/NDUFB8/NDUFS8/IMMT/GOT2/COX17/ATP6V1D/NDUFS3/CPT1A/IDH2/ACADM/UQCR11/NDUFS2/VDAC2,0.9294189257142943
Round_Spermatids,OA,OA vs Ctrl,HALLMARK_UNFOLDED_PROTEIN_RESPONSE,Unfolded Protein Response,109,1.27171833772093,0.0917647058823529,0.117647058823529,0.0371517027863777,4091,"tags=33%, list=11%, signal=29%",YWHAZ/EIF4A2/EIF4E/MTHFD2/BANF1/SEC31A/EIF4G1/DNAJA4/HSP90B1/TSPYL2/HERPUD1/ATF4/TTC37/HSPA9/CCL2/SEC11A/DNAJC3/HSPA5/DCP1A/CEBPG/PDIA5/ASNS/ATF3/CKS1B/DKC1/BAG3/SLC1A4/PARN/SRPRB/DCP2/SRPRA/IFIT1/FKBP14/YIF1A/XBP1/PDIA6,0.9294189257142943
Round_Spermatids,OA,OA vs Ctrl,HALLMARK_APICAL_SURFACE,Apical Surface,42,1.29102720203016,0.115207373271889,0.140496796673036,0.0443674094756955,3598,"tags=26%, list=10%, signal=24%",HSPB1/APP/ADIPOR2/DCBLD2/CX3CL1/B4GALT1/FLOT2/MAL/AFAP1L2/ADAM10/ATP8B1,0.8523335775602081
Round_Spermatids,OA,OA vs Ctrl,HALLMARK_PANCREAS_BETA_CELLS,Pancreas Beta Cells,38,-1.31392207315595,0.113074204946996,0.140496796673036,0.0443674094756955,2796,"tags=18%, list=7%, signal=17%",SPCS1/DPP4/ELP4/SRP14/G6PC2/SRP9/IAPP,0.8523335775602081
Round_Spermatids,OA,OA vs Ctrl,HALLMARK_E2F_TARGETS,E2f Targets,198,-1.12866178712916,0.171666666666667,0.199612403100775,0.0630354957160343,4026,"tags=29%, list=11%, signal=26%",RPA1/CENPM/GINS3/AK2/CDC25A/MCM4/TBRG4/CKS2/POLD3/PPM1D/NBN/SHMT1/GSPT1/TOP2A/HNRNPD/WEE1/RACGAP1/HMMR/MMS22L/LMNB1/TACC3/PLK4/MCM7/SPAG5/USP1/RFC1/CDC20/CENPE/PSMC3IP/BIRC5/EZH2/PA2G4/DEPDC1/NUDT21/CDK1/CSE1L/HMGB3/BUB1B/DIAPH3/DLGAP5/CDKN3/CIT/ORC2/EXOSC8/TMPO/SMC6/XRCC6/CCNB2/JPT1/MLH1/CBX5/CDKN2A/PTTG1/PLK1/UBR7/KPNA2/LYAR,0.6998124769220396
Round_Spermatids,OA,OA vs Ctrl,HALLMARK_NOTCH_SIGNALING,Notch Signaling,32,1.22757408724298,0.168224299065421,0.199612403100775,0.0630354957160343,2463,"tags=34%, list=7%, signal=32%",HES1/JAG1/RBX1/SKP1/NOTCH3/FBXW11/NOTCH2/MAML2/CCND1/CUL1/HEYL,0.6998124769220396
Round_Spermatids,OA,OA vs Ctrl,HALLMARK_PEROXISOME,Peroxisome,104,1.13563910084818,0.194774346793349,0.221334484992442,0.0698951005239291,4883,"tags=36%, list=13%, signal=31%",SOD1/SLC25A4/CNBP/SMARCC1/TSPO/ALDH1A1/SCP2/DHRS3/YWHAH/GSTK1/HSD17B11/ACSL4/PEX5/PRDX1/MLYCD/ESR2/ITGB1BP1/SLC25A17/HSD17B4/MVP/CAT/PRDX5/FADS1/SOD2/ACSL1/ALDH9A1/CADM1/ELOVL5/ABCB1/ABCC5/IDH2/SLC23A2/RDH11/ISOC1/ABCB4/DIO1/HMGCL,0.6549509156021207
Round_Spermatids,OA,OA vs Ctrl,HALLMARK_GLYCOLYSIS,Glycolysis,198,1.06221511908097,0.276119402985075,0.306799336650083,0.0968840010473946,6469,"tags=40%, list=17%, signal=34%",DCN/SOD1/PKM/TPI1/MDH1/PPIA/MXI1/ARPP19/TXN/IL13RA1/AK3/CYB5A/TALDO1/PAM/PGK1/ENO2/CITED2/NSDHL/B4GALT7/HSPA5/AGL/GLRX/SDHC/PGAM1/PDK3/ANKZF1/GNPDA1/COL5A1/QSOX1/B4GALT1/GPR87/HDLBP/IGFBP3/EGFR/POLR3K/COG2/MDH2/G6PD/PLOD1/AK4/ME2/CTH/ALDH9A1/GOT2/SOX9/GCLC/SLC35A3/ALDH7A1/STMN1/CHST12/PGLS/VLDLR/ME1/EXT2/MERTK/PRPS1/ENO1/RBCK1/VCAN/DLD/B3GALT6/B3GAT3/LCT/TKTL1/CAPN5/SDC3/IRS2/SDC2/PAXIP1/TGFBI/PYGB/CD44/CXCR4/MET/PHKA2/AKR1A1/GNE/DDIT4/B4GALT2/NOL3,0.5131455837371374
Round_Spermatids,OA,OA vs Ctrl,HALLMARK_G2M_CHECKPOINT,G2m Checkpoint,194,-1.03887472087178,0.342762063227953,0.372567460030384,0.117652882114858,3844,"tags=29%, list=10%, signal=26%",KIF20B/CDC25A/RBM14/E2F3/CKS2/FOXN3/GSPT1/TOP2A/SMC2/HNRNPD/KATNA1/RACGAP1/TFDP1/SAP30/HMMR/ATF5/CUL4A/CDC27/LMNB1/DR1/TACC3/CDC7/PLK4/TROAP/KPNB1/CDC20/CENPE/BIRC5/NUMA1/KNL1/KIF11/EWSR1/EZH2/NEK2/NUP50/CDK1/BUB3/NDC80/HMGB3/NUSAP1/CDKN3/KIF15/TMPO/KIF23/KIF5B/CCNB2/CENPF/JPT1/DBF4/TTK/PTTG1/ODC1/PLK1/KPNA2/UCK2/CUL3/PBK,0.42879507897914154
Round_Spermatids,OA,OA vs Ctrl,HALLMARK_DNA_REPAIR,Dna Repair,147,1.01568733658712,0.366161616161616,0.389533634214485,0.12301062133089,4026,"tags=29%, list=11%, signal=26%",POLR2J/ARL6IP1/POLB/RALA/ELL/SDCBP/BCAP31/RBX1/GUK1/AK3/POLR2G/APRT/NELFCD/HPRT1/IMPDH2/SMAD5/EIF1B/DGUOK/DUT/NME4/TMED2/NFX1/NME3/BCAM/DDB1/POLR2K/RFC4/REV3L/POLR3C/TAF13/POLE4/GTF2F1/POLR2A/XPC/DCTN4/EDF1/CANT1/PCNA/NME1/SEC61A1/COX17/DGCR8/GMPR2,0.40945503729023636
Round_Spermatids,OA,OA vs Ctrl,HALLMARK_BILE_ACID_METABOLISM,Bile Acid Metabolism,111,0.952376974708409,0.523584905660377,0.542427497314715,0.171292893888857,4759,"tags=25%, list=13%, signal=22%",SOD1/ALDH1A1/SCP2/GSTK1/HSD17B11/APOA1/MLYCD/ABCA3/LIPE/CROT/PNPLA8/PEX1/AR/HSD17B4/CAT/PRDX5/FADS1/SLC22A18/ACSL1/ALDH9A1/CYP46A1/SLC29A1/IDH2/SLC23A2/ABCA8/ISOC1/RBP1/DIO1,0.26565830286268155
Round_Spermatids,OA,OA vs Ctrl,HALLMARK_MYC_TARGETS_V2,Myc Targets V2,57,-0.956178779604664,0.531578947368421,0.542427497314715,0.171292893888857,4158,"tags=25%, list=11%, signal=22%",CDK4/SORD/NIP7/RCL1/MCM4/TBRG4/RABEPK/MRTO4/PLK4/PA2G4/CBX3/IPO4/PLK1/AIMP2,0.26565830286268155
Round_Spermatids,OA,OA vs Ctrl,HALLMARK_KRAS_SIGNALING_DN,Kras Signaling Dn,189,0.789245634311747,0.989974937343358,0.989974937343358,0.312623664424218,6010,"tags=18%, list=16%, signal=15%",KCNMB1/BTG2/GPRC5C/GAMT/IFI44L/KRT15/ZBTB16/SGK1/ITIH3/SLC30A3/DCC/EFHD1/EDN1/NRIP2/BARD1/NTF3/SELENOP/CPEB3/SYNPO/THRB/NR4A2/SLC25A23/TENM2/TNNI3/CPB1/NUDT11/DTNB/SLC6A14/COQ8A/ACTC1/ASB7/MYO15A/C5/ARPP21,0.004375800060288191
Round_Spermatids,AZFc_Del,AZFc_Del vs Ctrl,HALLMARK_COAGULATION,Coagulation,135,2.0717117534313,1.70033790486314e-10,4.25084476215785e-09,1.43186349883212e-09,3378,"tags=32%, list=9%, signal=29%",TIMP3/A2M/SPARC/CSRP1/TIMP1/CRIP2/SERPING1/CD9/GSN/WDR1/SIRT2/CAPN2/RAC1/CTSB/FN1/PECAM1/VWF/C1R/SERPINE1/PRSS23/FBN1/GNG12/ANXA1/GNB2/F8/THBS1/CFH/CTSO/C1S/PEF1/LAMP2/C1QA/S100A13/CFD/F3/MMP2/MSRB2/CTSK/THBD/ARF4/KLF7/TF/HMGCS2,8.371524754870387
Round_Spermatids,AZFc_Del,AZFc_Del vs Ctrl,HALLMARK_EPITHELIAL_MESENCHYMAL_TRANSITION,Epithelial Mesenchymal Transition,198,2.09514988683684,1e-10,4.25084476215785e-09,1.43186349883212e-09,3952,"tags=42%, list=11%, signal=38%",MYL9/TPM2/CALD1/MGP/TIMP3/LGALS1/MYLK/TPM1/VIM/DCN/TPM4/SPARC/ITGB1/TIMP1/TAGLN/GADD45B/FLNA/POSTN/ACTA2/JUN/CD59/BGN/RHOB/FN1/SAT1/EMP3/DPYSL3/SERPINE1/ID2/CAP2/COL4A1/FBN1/CXCL12/MEST/FSTL1/CALU/PMP22/THBS1/FAS/COL6A2/COPA/SGCB/GADD45A/SERPINH1/FERMT2/MFAP5/SLIT3/LUM/ENO2/IL32/COL1A1/COL4A2/NOTCH2/ECM2/FUCA1/IGFBP4/PDGFRB/ABI3BP/MMP2/TGFBR3/COL5A1/CD44/COL1A2/FBLN5/DAB2/FSTL3/SPOCK1/IGFBP3/INHBA/COL6A3/QSOX1/LAMC1/WIPF1/COL11A1/APLP1/PLOD1/SERPINE2/COL3A1/CXCL8/PFN2/NNMT/MMP14/GPX7,8.371524754870387
Round_Spermatids,AZFc_Del,AZFc_Del vs Ctrl,HALLMARK_APICAL_JUNCTION,Apical Junction,198,1.91609259970208,2.82980371082906e-09,4.71633951804843e-08,1.58866173239526e-08,3073,"tags=25%, list=8%, signal=23%",ACTB/MYL9/PFN1/ITGB1/NEXN/CD99/ACTG1/MSN/GNAI2/ACTG2/MAP3K20/ARPC2/ACTN1/PECAM1/VCL/MYH9/VWF/RSU1/ACTN4/CTNNA1/WASL/CD34/RRAS/HADH/YWHAH/MYL12B/FBN1/TJP1/ZYX/CLDN5/LIMA1/CAP1/SLC30A3/PARVA/GTF2F1/GAMT/SORBS3/TIAL1/AMIGO2/CX3CL1/MMP2/CNN2/TUBG1/MDK/MYH10/NF1/ITGA9/B4GALT1/EGFR,7.326394938626249
Round_Spermatids,AZFc_Del,AZFc_Del vs Ctrl,HALLMARK_TNFA_SIGNALING_VIA_NFKB,Tnfa Signaling Via Nfkb,198,1.87218075871461,2.81127746226217e-08,3.51409682782772e-07,1.18369577358407e-07,4017,"tags=35%, list=11%, signal=32%",DUSP1/FOS/GADD45B/NFKBIA/JUN/BTG1/KLF6/IER2/LITAF/HES1/ZFP36/RHOB/EGR1/ETS2/JAG1/SAT1/EHD1/JUNB/EIF1/PDLIM5/SERPINE1/NINJ1/BTG2/ID2/IL6ST/CEBPD/PHLDA2/DRAM1/NFE2L2/PNRC1/MCL1/CDKN1A/IRF1/TSC22D1/PLK2/GADD45A/ATP2B1/CCL2/PPP1R15A/PER1/IFIH1/CCND1/EDN1/KLF2/CXCL3/ATF3/F3/MYC/TIPARP/CD44/TNFAIP8/EFNA1/NFAT5/HBEGF/DNAJB4/B4GALT1/KLF10/INHBA/NAMPT/NFIL3/SGK1/CSF1/TNIP1/PLPP3/NR4A2/BTG3/SOD2/KDM6B/KLF9/CCNL1,6.454186276075807
Round_Spermatids,AZFc_Del,AZFc_Del vs Ctrl,HALLMARK_APOPTOSIS,Apoptosis,159,1.9259273262124,8.72396992048043e-08,8.72396992048043e-07,2.93860039426709e-07,3892,"tags=41%, list=10%, signal=37%",IFITM3/TIMP3/GPX3/HSPB1/CAV1/DCN/TXNIP/TIMP1/GADD45B/GSN/SOD1/LGALS3/JUN/BGN/RHOB/SAT1/IGFBP6/NEDD9/TSPO/SPTAN1/LMNA/BTG2/BCAP31/CTNNB1/GPX4/GPX1/TNFSF10/ADD1/APP/ROCK1/ANXA1/ETF1/MCL1/CDKN1A/FEZ1/IRF1/FAS/GADD45A/HGF/BNIP3L/LUM/ENO2/CCND2/CCND1/IFNGR1/ATF3/PDGFRB/EMP1/MMP2/TGFBR3/CASP3/CD44/CREBBP/HMGB2/CTH/F2R/XIAP/CASP2/CDKN1B/VDAC2/PPT1/RARA/BTG3/SOD2/DNM1L,6.059285840501853
Round_Spermatids,AZFc_Del,AZFc_Del vs Ctrl,HALLMARK_INTERFERON_GAMMA_RESPONSE,Interferon Gamma Response,195,1.83527531730933,1.40649764086486e-07,1.17208136738738e-06,3.94806355330487e-07,4305,"tags=37%, list=12%, signal=33%",B2M/IFITM3/MT2A/TXNIP/IFITM2/CD74/IFI27/SERPING1/NFKBIA/BTG1/HLA-B/ARID5B/MTHFD2/STAT3/LY6E/VAMP5/C1R/BST2/HLA-A/TNFSF10/PSME1/ADAR/SAMHD1/CDKN1A/IFI44L/IRF1/LGALS3BP/HLA-DMA/FAS/GBP4/PSMB9/CFH/FGL2/IRF2/PLSCR1/TRAFD1/C1S/CCL2/PSMB8/IFIH1/PFKP/EIF2AK2/STAT2/TAPBP/SAMD9L/HLA-DRB1/CASP3/UBE2L6/HLA-DQA1/SSPN/PTPN6/IFI44/NMI/NAMPT/ISG15/MVP/HIF1A/PARP14/RIPK1/APOL6/GPR18/CD40/IFIT1/SOD2/SOCS1/TRIM21/PSME2/LCP2/IFI35/CXCL11/OAS2/PML/FCGR1A,5.93104223799307
Round_Spermatids,AZFc_Del,AZFc_Del vs Ctrl,HALLMARK_MYOGENESIS,Myogenesis,196,1.81627271494637,2.20811300955908e-07,1.57722357825649e-06,5.31275310570606e-07,4335,"tags=39%, list=12%, signal=34%",TPM2/MYH11/GPX3/MYLK/IGFBP7/SPARC/ITGB1/FHL1/TAGLN/GADD45B/GSN/CRYAB/EIF4A2/SIRT2/SVIL/BAG1/APOD/CKB/ABLIM1/CASQ2/PDLIM7/LPIN1/MYH9/CNN3/DMD/SPTAN1/SYNGR2/DES/TPM3/APP/MAPRE3/COL15A1/AEBP1/CD36/COX7A1/CDKN1A/ACSL1/GABARAPL2/COL6A2/SORBS3/SGCA/LARGE1/SORBS1/COL1A1/CFD/COL4A2/PRNP/SMTN/GAA/AGL/PTP4A3/DTNA/LDB3/SSPN/IFRD1/ATP6AP1/HBEGF/IGFBP3/RB1/MYO1C/COL6A3/GNAO1/KIFC3/MEF2D/PPP1R3C/COL3A1/BIN1/CHRNB1/LAMA2/SOD3/WWTR1/NQO1/PICK1/MEF2A/FABP3/PYGM,5.802106739188121
Round_Spermatids,AZFc_Del,AZFc_Del vs Ctrl,HALLMARK_COMPLEMENT,Complement,199,1.65424357168335,3.90974791899304e-05,0.000244359244937065,8.23104825051165e-05,4485,"tags=33%, list=12%, signal=29%",PFN1/CD46/CSRP1/TIMP1/SERPING1/CD55/CALM1/LGALS3/ANXA5/CD59/GNAI2/ZEB1/CTSB/FN1/EHD1/CPM/C1R/SERPINE1/CA2/GPD2/GNB2/F8/CD36/KCNIP2/IRF1/CTSS/GNG2/PSMB9/HSPA1A/CFH/CTSO/CTSD/IRF2/PLSCR1/C1S/LAMP2/C1QA/RBSN/S100A13/COL4A2/GRB2/F3/GNB4/RHOG/CASP3/C1QC/PDP1/CTSC/PRDM4/RNF4/FCER1G/F10/APOBEC3F/MMP14/PCLO/SH2B3/DOCK4/LCP2/C3/CPQ/LGMN/DOCK9/USP14/HSPA5/GNAI3/DGKG,3.6119712254952283
Round_Spermatids,AZFc_Del,AZFc_Del vs Ctrl,HALLMARK_UV_RESPONSE_DN,Uv Response Dn,140,1.71632915894944,8.88041902096839e-05,0.000493356612276022,0.000166183279924555,3969,"tags=44%, list=11%, signal=39%",IGFBP5/CAV1/DUSP1/ANXA2/ATRX/MGLL/MT1E/LTBP1/MAP1B/PRKCE/NFIB/ID1/NRP1/PDLIM5/NIPBL/SERPINE1/YTHDC1/WDR37/CAP2/PTPRM/CELF2/FHL2/SYNE1/TGFBR2/TJP1/PMP22/HAS2/PLCB4/ATP2B1/INPP4B/KALRN/CDK13/CITED2/COL1A1/NOTCH2/PDGFRB/F3/MYC/ARHGEF9/DLC1/TGFBR3/APBB2/SLC22A18/COL1A2/FBLN5/DAB2/SYNJ2/ICA1/GRK5/SIPA1L1/ATP2B4/CDKN1B/LAMC1/COL11A1/CDON/ANXA4/COL3A1/PLPP3/ACVR2A/NEK7/KCNMA1,3.3068390467345026
Round_Spermatids,AZFc_Del,AZFc_Del vs Ctrl,HALLMARK_INTERFERON_ALPHA_RESPONSE,Interferon Alpha Response,95,1.74519970246644,0.000107494283796575,0.000537471418982874,0.000181043004288968,4222,"tags=43%, list=11%, signal=38%",B2M/IFITM3/TXNIP/IFITM2/CD74/IFI27/LY6E/HLA-C/LPAR6/BST2/PSME1/ADAR/IFI44L/ELF1/IRF1/LGALS3BP/GBP4/PSMB9/IRF2/PLSCR1/TRAFD1/C1S/PSMB8/MVB12A/IFIH1/EIF2AK2/STAT2/PARP9/SAMD9L/UBE2L6/IFI44/NMI/ISG15/CNP/CSF1/PARP14/IFITM1/TRIM21/PSME2/IFI35/CXCL11,3.2696446251947755
Round_Spermatids,AZFc_Del,AZFc_Del vs Ctrl,HALLMARK_ESTROGEN_RESPONSE_EARLY,Estrogen Response Early,197,1.60080289409324,0.000185706189595426,0.000844119043615574,0.000284334835744193,5629,"tags=36%, list=15%, signal=31%",ISG20L2/FKBP5/FOS/AKAP1/SVIL/BAG1/PDLIM3/DYNLT3/RETREG1/ABLIM1/HES1/RAB31/SLC7A2/DHRS3/PRSS23/ABHD2/IL6ST/FHL2/AFF1/CXCL12/BLVRB/SLC16A1/ELF1/TJP3/KRT15/ENDOD1/MAPT/CCND1/ABCA3/IGFBP4/MYC/NBL1/SLC1A4/DLC1/AR/TIPARP/CD44/ELOVL2/TOB1/B4GALT1/KLF10/SCARB1/SIAH2/ITPK1/CANT1/MINDY1/MED13L/AMFR/FLNB/RARA/BCL2/THSD4/ELOVL5/OLFML3/MYB/RHOBTB3/MSMB/RET/PODXL/TGM2/OLFM1/GLA/BHLHE40/UGCG/JAK2/UNC119/PAPSS2/INPP5F/HSPB8/NAV2/NADSYN1,3.0735963017871053
Round_Spermatids,AZFc_Del,AZFc_Del vs Ctrl,HALLMARK_ADIPOGENESIS,Adipogenesis,197,1.58484668756019,0.000258018129701607,0.000943558937990902,0.000317830379112725,3526,"tags=37%, list=9%, signal=33%",SPARCL1/GPX3/MYLK/MGST3/CAVIN1/SOD1/SNCG/MGLL/ADIG/IDH3G/CD151/PRDX3/COX7B/UBC/NDUFB7/REEP6/STOM/COX8A/SCP2/HADH/GPX4/COL4A1/GPD2/ATP1B3/RIOK3/CYC1/PEMT/COL15A1/DHRS7/BAZ2A/CD36/ALDH2/RAB34/YWHAG/TALDO1/TKT/AGPAT3/UQCRC1/GPAT4/MDH2/GADD45A/ITIH5/APLP2/ADIPOR2/LIFR/APOE/FABP4/LAMA4/CAVIN2/IFNGR1/SORBS1/NDUFS3/RTN3/SDHC/ACLY/RNF11/ELOVL6/LIPE/SSPN/TOB1/SLC25A1/G3BP2/OMD/CHUK/JAGN1/PLIN2/GHITM/SCARB1/MAP4K3/ECHS1/ECH1/FZD4,3.0252309670997017
Round_Spermatids,AZFc_Del,AZFc_Del vs Ctrl,HALLMARK_ANGIOGENESIS,Angiogenesis,35,1.78402239639268,0.000260787097200438,0.000943558937990902,0.000317830379112725,4013,"tags=46%, list=11%, signal=41%",TIMP1/S100A4/POSTN/JAG1/NRP1/LRPAP1/APP/FSTL1/PDGFA/LUM/CCND2/THBD/COL3A1/FGFR1/TNFRSF21/PTK2,3.0252309670997017
Round_Spermatids,AZFc_Del,AZFc_Del vs Ctrl,HALLMARK_HYPOXIA,Hypoxia,197,1.57765820972958,0.00028306768139727,0.000943558937990902,0.000317830379112725,4148,"tags=37%, list=11%, signal=33%",MT2A/CAV1/DCN/S100A4/DUSP1/ANXA2/CAVIN1/FOS/JUN/BTG1/TPI1/MT1E/KLF6/BGN/ZFP36/CDKN1C/MYH9/GPI/SERPINE1/HK1/CAVIN3/PAM/WSB1/PGK1/MXI1/CSRP2/PNRC1/CDKN1A/PDK3/JMJD6/RORA/PPP1R15A/BNIP3L/GLRX/TES/CITED2/LARGE1/ERRFI1/ENO2/PFKP/MAP3K1/IDS/ATF3/GAA/F3/SELENBP1/ETS1/COL5A1/ANKZF1/TIPARP/DTNA/ENO1/EFNA1/SLC25A1/PPARGC1A/PLIN2/EGFR/IGFBP3/PRDX5/NFIL3/SCARB1/CDKN1B/SIAH2/KLF7/KLHL24/PPP1R3C/RBPJ/AK4/NDST1/HS3ST1/VHL/CHST3/BCL2,3.0252309670997017
Round_Spermatids,AZFc_Del,AZFc_Del vs Ctrl,HALLMARK_IL2_STAT5_SIGNALING,Il2 Stat5 Signaling,198,1.58494680470422,0.000273047852823377,0.000943558937990902,0.000317830379112725,5037,"tags=36%, list=13%, signal=31%",IFITM3/AHNAK/GADD45B/CDCP1/KLF6/GUCY1B1/MAPKAPK2/RHOB/NRP1/GSTO1/CDKN1C/CD81/HOPX/DHRS3/SYNGR2/CA2/HUWE1/GPX4/TNFSF10/COL6A1/RORA/GBP4/FGL2/PLSCR1/ITIH5/ITGA6/SERPINB6/CCND2/IFNGR1/PRNP/EMP1/MYC/MYO1E/POU2F1/BMPR2/HIPK2/SYT11/CASP3/CD44/CCND3/PLIN2/CYFIP1/SWAP70/PRAF2/MYO1C/NFIL3/P2RX4/GABARAPL1/CSF1/CDC42SE2/APLP1/ANXA4/RGS16/PTCH1/CTSZ/SOCS1/TNFRSF21/PTH1R/BCL2/LCLAT1/IL3RA/ABCB1/PDCD2L/AHCY/SOCS2/CAPG/ENPP1/NFKBIZ/UMPS/ECM1/TGM2,3.0252309670997017
Round_Spermatids,AZFc_Del,AZFc_Del vs Ctrl,HALLMARK_INFLAMMATORY_RESPONSE,Inflammatory Response,197,1.55000286885023,0.000433365862205136,0.00135426831939105,0.00045617459179488,6139,"tags=34%, list=16%, signal=29%",TIMP1/CD55/NFKBIA/KLF6/SLC7A2/LY6E/RGS1/EMP3/SERPINE1/BTG2/CALCRL/BST2/TNFSF10/CD82/HAS2/CDKN1A/IRF1/ATP2B1/CCL2/EIF2AK2/EDN1/TAPBP/CX3CL1/F3/MYC/RHOG/P2RX7/HBEGF/NMI/INHBA/NAMPT/AXL/DCBLD2/HIF1A/ABI1/P2RX4/CSF1/RGS16/IFITM1/CD40/ACVR2A/CXCL8/C3AR1/MMP14/LCP2/ACVR1B/ITGA5/CXCL11/GNAI3/CYBB/CD14/SGMS2/CMKLR1/IL15/RELA/NFKB1/MSR1/PLAUR/IFNGR2/PTPRE/HPN/OSMR/AHR/GPR183/PTAFR/MET/PDE4B,2.8682952809343107
Round_Spermatids,AZFc_Del,AZFc_Del vs Ctrl,HALLMARK_P53_PATHWAY,P53 Pathway,192,1.55098953813682,0.000674865358226998,0.00198489811243235,0.00066859725892458,4232,"tags=33%, list=11%, signal=30%",TXNIP/S100A10/S100A4/FOS/TM4SF1/LDHB/ZFP36L1/JUN/BTG1/NUPR1/SAT1/RACK1/CD81/NINJ1/STOM/BTG2/BLCAP/APP/TSPYL2/DCXR/DRAM1/SESN1/CD82/CDKN1A/PDGFA/SERTAD3/EPHX1/TSC22D1/PLK2/ZBTB16/FAS/GADD45A/CTSD/PITPNC1/TRAFD1/PPP1R15A/PTPN14/CCND2/MDM2/TAX1BP3/FUCA1/ATF3/WRAP73/HEXIM1/KRT17/ZMAT3/TOB1/PRMT2/CCND3/HBEGF/SLC3A2/RB1/F2R/XPC/ST14/AEN/RGS16/CCP110/SOCS1/NUDT15/SEC61A1/ACVR1B/BAIAP2/ABCC5,2.702261781265638
Round_Spermatids,AZFc_Del,AZFc_Del vs Ctrl,HALLMARK_UV_RESPONSE_UP,Uv Response Up,155,1.57430918899121,0.000973855498457263,0.00270515416238129,0.000911209823117907,5147,"tags=42%, list=14%, signal=36%",GPX3/FOS/NFKBIA/BTG1/PDLIM3/RHOB/SELENOW/JUNB/SLC25A4/CDKN1C/BTG2/CA2/HNRNPU/IL6ST/NTRK3/CYB5R1/UROD/RPN1/DDX21/CDC5L/IRF1/EPHX1/GGH/KLHDC3/PDAP1/TUBA4A/MAOA/ASNS/NXF1/ENO2/SIGMAR1/YKT6/CDC34/ATF3/ALAS1/EIF2S3/AP2S1/CASP3/CEBPG/RFC4/CCND3/AGO2/GRINA/CNP/CDO1/MARK2/PPT1/HTR7/HLA-F/BTG3/SOD2/MMP14/NUP58/FOSB/GLS/EIF5/ABCB1/SLC6A8/HYAL2/SQSTM1/RAB27A/RET/OLFM1/PLCL1/NPTX2,2.5678079801087113
Round_Spermatids,AZFc_Del,AZFc_Del vs Ctrl,HALLMARK_IL6_JAK_STAT3_SIGNALING,Il6 Jak Stat3 Signaling,83,1.69769609725498,0.00118845410680776,0.00312751080738885,0.00105347732459414,4602,"tags=33%, list=12%, signal=29%",A2M/CD9/JUN/PTPN11/STAT3/IL13RA1/PLA2G2A/IL6ST/CD36/IRF1/FAS/LEPR/IFNGR1/STAT2/GRB2/CXCL3/CD44/TNFRSF1A/CSF1/SOCS1/TNFRSF21/ACVR1B/CXCL11/IL3RA/CD14/TNFRSF12A/PDGFC,2.5048011808891446
Round_Spermatids,AZFc_Del,AZFc_Del vs Ctrl,HALLMARK_ALLOGRAFT_REJECTION,Allograft Rejection,186,1.48266084960662,0.00264101986239411,0.00660254965598528,0.00222401672622662,4064,"tags=22%, list=11%, signal=19%",B2M/CD74/TIMP1/FLNA/HLA-E/HLA-DRA/SRGN/UBE2N/EIF3A/HLA-A/CTSS/HLA-DMA/FAS/CCL2/CCND2/IFNGR1/TAPBP/ETS1/HLA-DQA1/PTPN6/CCND3/HLA-DMB/EGFR/INHBA/F2R/HIF1A/ABI1/DEGS1/CSF1/CSK/FCGR2B/EIF3J/CD40/EIF3D/ACVR2A/SOCS1/NME1/SOCS5/LCP2/GALNT1,2.1802883238977433
Round_Spermatids,AZFc_Del,AZFc_Del vs Ctrl,HALLMARK_KRAS_SIGNALING_UP,Kras Signaling Up,196,1.47295309225136,0.00278023127743386,0.00661959827960443,0.00222975942049833,5144,"tags=33%, list=14%, signal=29%",SPARCL1/CCSER2/TSPAN1/APOD/KIF5C/ENG/GNG11/PECAM1/GUCY1A1/NRP1/SLPI/GADD45G/ID2/ACE/CA2/CDADC1/EVI5/CTSS/CFH/GYPC/CPE/PSMB8/PPP1R15A/EPB41L3/GLRX/CCND2/MAP3K1/FUCA1/IL33/EMP1/CROT/ETS1/GPNMB/TOR1AIP2/PEG3/TSPAN7/LAPTM5/HBEGF/IGFBP3/INHBA/DCBLD2/MMD/LCP1/FCER1G/F13A1/RGS16/MAP7/C3AR1/ST6GAL1/ADAM17/ETV5/ANO1/SDCCAG8/SPRY2/ABCB1/ITGB2/LAT2/MPZL2/NIN/RELN/TSPAN13/NGF/CMKLR1/STRN/CD37,2.179168365582172
Round_Spermatids,AZFc_Del,AZFc_Del vs Ctrl,HALLMARK_ESTROGEN_RESPONSE_LATE,Estrogen Response Late,196,1.45547557699892,0.00351079137588043,0.00774042168932059,0.00260729993745536,4268,"tags=30%, list=11%, signal=27%",CAV1/FKBP5/FOS/CD9/BAG1/PDLIM3/DYNLT3/CKB/ZFP36/RAB31/EMP2/PRSS23/ID2/CA2/ABHD2/IL6ST/AFF1/CXCL12/MEST/ALDH3A2/DCXR/BLVRB/SLC16A1/TJP3/CPE/LARGE1/SLC2A8/MAPT/CCND1/ABCA3/IGFBP4/RABEP1/NBL1/ASS1/MDK/SLC1A4/MOCS2/CD44/TOB1/PTPN6/ATP2B4/HPRT1/SGK1/SCARB1/SIAH2/HMGCS2/ST14/KLK11/ITPK1/UGDH/AMFR/FLNB/BTG3/TRIM29/IDH2/BCL2/PDCD4/SLC29A1/ELOVL5,2.1112353788059495
Round_Spermatids,AZFc_Del,AZFc_Del vs Ctrl,HALLMARK_HEME_METABOLISM,Heme Metabolism,194,1.45821432388495,0.00356059397708747,0.00774042168932059,0.00260729993745536,5738,"tags=41%, list=15%, signal=35%",HBB/MGST3/TCEA1/TNS1/DCUN1D1/BACH1/CTSB/CAST/ACKR1/SEC14L1/BTG2/CA2/SDCBP/ADD1/SLC25A37/RIOK3/RBM5/UROD/MXI1/BLVRB/AGPAT4/FBXO7/ENDOD1/GYPC/FBXO34/LAMP2/BCAM/CTNS/BNIP3L/ASNS/PRDX2/TRIM58/ISCA1/SELENBP1/ARHGEF12/VEZF1/ADIPOR1/TMEM9B/TOP1/BTRC/PICALM/ADD2/CCND3/LRP10/HBZ/TRAK2/KLF3/NFE2L1/BLVRA/RCL1/TNRC6B/KAT2B/YPEL5/PGLS/NEK7/FTCD/GCLC/MARK3/C3/DCAF10/ALAD/ABCG2/PSMD9/SLC6A8/OSBP2/CAT/HDGF/SLC10A3/PIGQ/FOXO3/ACP5/MAP2K3/XPO7/ANK1/DMTN/HAGH/RANBP10/TFRC/ATP6V0A1/BSG,2.1112353788059495
Round_Spermatids,AZFc_Del,AZFc_Del vs Ctrl,HALLMARK_XENOBIOTIC_METABOLISM,Xenobiotic Metabolism,196,1.43785216955672,0.00420116630627558,0.00875242980474079,0.0029481868815969,4759,"tags=31%, list=13%, signal=27%",MT2A/PTGDS/PDK4/ETS2/ACP1/PDLIM5/GSTO1/ITIH4/SERPINE1/NINJ1/ID2/CA2/ENPEP/PEMT/DHRS7/DCXR/ARPP19/CD36/ALDH2/BLVRB/CYB5A/CBR1/ADH5/EPHX1/FAS/MAOA/NDRG2/APOE/CYP17A1/IGFBP4/CROT/ALAS1/ENTPD5/SLC35B1/PGRMC1/TNFRSF1A/HPRT1/DHRS1/AKR1C3/COMT/DDAH2/FMO3/GABARAPL1/CDO1/ECH1/PTS/UGDH/F10/ETFDH/GSTM4/CYP2E1/PTGES3/GCLC/NQO1/SERTAD1/ELOVL5/ACP2/AHCY/ATOH8/CAT/PTGR1,2.0578713636290225
Round_Spermatids,AZFc_Del,AZFc_Del vs Ctrl,HALLMARK_REACTIVE_OXYGEN_SPECIES_PATHWAY,Reactive Oxygen Species Pathway,48,1.60512608443645,0.00657451871167006,0.0131490374233401,0.00442914944786193,4108,"tags=46%, list=11%, signal=41%",GPX3/FTL/SOD1/PDLIM1/GLRX2/TXN/JUNB/GPX4/PRDX6/GLRX/PFKP/HMOX2/PRDX2/PRNP/TXNRD1/PRDX4/MSRA/PRDX1/SOD2/NDUFS2/GCLC/NQO1,1.8811060385835636
Round_Spermatids,AZFc_Del,AZFc_Del vs Ctrl,HALLMARK_PROTEIN_SECRETION,Protein Secretion,93,1.49556650529511,0.00817376616623321,0.01571878108891,0.00529474731415917,4127,"tags=44%, list=11%, signal=39%",CD63/CAV2/SOD1/ERGIC3/COPE/LMAN1/ATP1A1/PAM/VAMP3/TMX1/LAMP2/STX12/ARCN1/GALC/NAPG/SEC24D/STX7/ARF1/YKT6/SEC31A/YIPF6/AP3B1/AP2S1/VPS4B/TMED2/OCRL/RER1/USO1/SSPN/ICA1/CLTC/SEC22B/EGFR/COG2/CTSC/ATP6V1H/ARFGEF2/PPT1/ANP32E/DNM1L/ARFGAP3,1.8035811343070827
Round_Spermatids,AZFc_Del,AZFc_Del vs Ctrl,HALLMARK_WNT_BETA_CATENIN_SIGNALING,Wnt Beta Catenin Signaling,42,1.58413016115571,0.0102369886575756,0.0189573864029178,0.006385645946246,6088,"tags=43%, list=16%, signal=36%",JAG1/HDAC11/CTNNB1/NKD1/CUL1/CCND2/MYC/CSNK1E/RBPJ/PTCH1/GNAI1/ADAM17/HEY1/NOTCH1/AXIN2/DVL2/JAG2/PPARD,1.722221537727462
Round_Spermatids,AZFc_Del,AZFc_Del vs Ctrl,HALLMARK_TGF_BETA_SIGNALING,Tgf Beta Signaling,54,1.50332258709736,0.0171026960258496,0.0305405286175886,0.0102873359553983,4445,"tags=44%, list=12%, signal=39%",ID3/ENG/RAB31/ID1/JUNB/SPTBN1/CDKN1C/RHOA/SERPINE1/ID2/CTNNB1/FKBP1A/ARID4B/TJP1/THBS1/PPP1R15A/BMPR2/HIPK2/KLF10/XIAP/CDK9/WWTR1/LTBP2/HDAC1,1.5151234501311064
Round_Spermatids,AZFc_Del,AZFc_Del vs Ctrl,HALLMARK_MTORC1_SIGNALING,Mtorc1 Signaling,197,1.32585025484415,0.0183295153372858,0.0316026126504928,0.0106450905770081,4726,"tags=40%, list=13%, signal=35%",IGFBP5/NFKBIB/CD9/TCEA1/TPI1/NUPR1/MTHFD2/CANX/HSPD1/PSME3/GPI/PPIA/BTG2/PSMC6/MLLT11/HSP90B1/PNO1/ETF1/PITPNB/HSPA9/RPN1/PGK1/CDKN1A/CCT6A/FGL2/SERPINH1/PDAP1/PPP1R15A/TUBA4A/GLRX/TES/ASNS/ADIPOR2/PSMC4/YKT6/PPA1/ACTR2/TXNRD1/UCHL5/TUBG1/SLC1A4/PSMD12/TM7SF2/ACLY/ATP5MC1/ELOVL6/USO1/ENO1/DDX39A/IFRD1/NAMPT/CTH/CTSC/HPRT1/NFIL3/FADS1/ATP6V1D/HSPE1/SEC11A/SDF2L1/UFM1/PRDX1/AK4/FKBP2/ABCF2/NUFIP1/PHGDH/IMMT/GCLC/BUB1/ELOVL5/LGMN/HSPA5/CCNG1/ITGB2/G6PD/SQSTM1/RDH11,1.5002770119136029
Round_Spermatids,AZFc_Del,AZFc_Del vs Ctrl,HALLMARK_PI3K_AKT_MTOR_SIGNALING,Pi3k Akt Mtor Signaling,103,1.4302925256533,0.0197097674745001,0.0328496124575002,0.0110651326172632,3525,"tags=24%, list=9%, signal=22%",PFN1/NFKBIB/CFL1/YWHAB/PRKAR2A/EIF4E/PTPN11/UBE2N/RAC1/DUSP3/HSP90B1/CDKN1A/MAPK8/RALB/ARF1/ACTR2/STAT2/GRB2/CLTC/SMAD2/EGFR/TNFRSF1A/CDKN1B/ECSIT/RIPK1,1.4834697496525098
Round_Spermatids,AZFc_Del,AZFc_Del vs Ctrl,HALLMARK_FATTY_ACID_METABOLISM,Fatty Acid Metabolism,156,1.36565556131277,0.0277604743775013,0.0447749586733891,0.0150820913426153,3854,"tags=37%, list=10%, signal=33%",LGALS1/GLUL/S100A10/MGLL/IDH3G/MDH1/METAP1/SERINC1/REEP6/HADH/CA2/PRDX6/YWHAH/PCBD1/GPD2/PSME1/ALDH3A2/UROD/ALDH1A1/PTPRG/CD36/ACSL1/AOC3/ACSS1/APEX1/CBR1/EPHX1/HSD17B11/MDH2/HSD17B10/MLYCD/PDHA1/MAOA/ADIPOR2/ENO2/SUCLG2/SDHD/SMS/HSDL2/SDHC/ERP29/INMT/UBE2L6/ACSL4/NSDHL/HSD17B4/HCCS/BLVRA/HMGCS2/ECHS1/GABARAPL1/ECH1/PTS/CPT1A/UGDH/ETFDH/SUCLA2,1.3489648063259962
Round_Spermatids,AZFc_Del,AZFc_Del vs Ctrl,HALLMARK_HEDGEHOG_SIGNALING,Hedgehog Signaling,36,1.50963379538025,0.0288417938454206,0.0450653028834697,0.0151798914975898,5066,"tags=39%, list=14%, signal=34%",CDK6/ETS2/NRP1/MYH9/DPYSL2/ADGRG1/SLIT1/NF1/PTCH1/TLE3/HEY1/PML/UNC5C/LDB1,1.3461577056986345
Round_Spermatids,AZFc_Del,AZFc_Del vs Ctrl,HALLMARK_E2F_TARGETS,E2f Targets,198,-1.30528223471156,0.0303980807723047,0.0460576981398557,0.015514172005004,3120,"tags=28%, list=8%, signal=26%",RPA3/CDC20/BRCA2/AK2/SHMT1/DIAPH3/RPA2/PLK4/UBE2T/MCM7/RAN/TOP2A/CDKN2A/WEE1/AURKA/RACGAP1/NUDT21/POLD3/HMGB3/CIT/PSMC3IP/MMS22L/GSPT1/CENPE/CBX5/PA2G4/SPAG5/BIRC5/HMMR/RAD51C/SMC6/DLGAP5/NBN/USP1/EZH2/BUB1B/CDK1/RFC1/DEPDC1/CHEK2/CSE1L/ORC2/XRCC6/EXOSC8/HNRNPD/PLK1/CCNB2/TMPO/MLH1/UBR7/CKS2/CDKN3/JPT1/PTTG1/KPNA2/LYAR,1.3366977708906624
Round_Spermatids,AZFc_Del,AZFc_Del vs Ctrl,HALLMARK_ANDROGEN_RESPONSE,Androgen Response,98,1.35499003264843,0.0491638658680966,0.0722998027472009,0.0243536177674782,3294,"tags=35%, list=9%, signal=32%",B2M/FKBP5/CDK6/UBE2J1/ARID5B/SLC38A2/ACTN1/SAT1/MYL12A/GUCY1A1/PDLIM5/STEAP4/VAPA/LMAN1/ABHD2/GPD1L/NGLY1/TSC22D1/IQGAP2/INPP4B/ELK4/LIFR/SEC24D/MAF/CCND1/TMEM50A/ADAMTS1/SMS/XRCC5/TNFAIP8/CCND3/B4GALT1/SGK1/FADS1,1.1408628875729525
Round_Spermatids,AZFc_Del,AZFc_Del vs Ctrl,HALLMARK_PANCREAS_BETA_CELLS,Pancreas Beta Cells,38,-1.37660937152753,0.0710172744721689,0.101453249245956,0.0341737260617956,3498,"tags=18%, list=9%, signal=17%",DPP4/ELP4/SPCS1/G6PC2/IAPP/SRP14/SRP9,0.9937340392467845
Round_Spermatids,AZFc_Del,AZFc_Del vs Ctrl,HALLMARK_CHOLESTEROL_HOMEOSTASIS,Cholesterol Homeostasis,72,1.30263292976445,0.0842105263157895,0.116959064327485,0.0393967374576793,5512,"tags=44%, list=15%, signal=38%",S100A11/CD9/LGALS3/ACTG1/CXCL16/ANXA5/JAG1/STX5/CTNNB1/PNRC1/PDK3/PLSCR1/ANTXR2/ERRFI1/ATF3/TM7SF2/NSDHL/GPX8/NFIL3/ECH1/PMVK/SREBF2/GNAI1/LGMN/TNFRSF12A/LPL/FBXO6/HMGCR/CYP51A1/CLU/PLAUR/SCD,0.931966114728174
Round_Spermatids,AZFc_Del,AZFc_Del vs Ctrl,HALLMARK_G2M_CHECKPOINT,G2m Checkpoint,194,-1.14690599051435,0.159926470588235,0.205033936651584,0.0690640628721124,3840,"tags=30%, list=10%, signal=27%",E2F3/AMD1/HMGN2/CDC25A/TFDP1/TACC3/DR1/CUL4A/GINS2/CDC20/KIF20B/BRCA2/UBE2C/RPA2/PLK4/BUB3/CDC27/TOP2A/TROAP/AURKA/RACGAP1/SMC2/HMGB3/CDC7/SAP30/GSPT1/KIF15/NUMA1/CENPE/NUP50/KPNB1/KIF11/BIRC5/NDC80/HMMR/KNL1/EZH2/CDK1/ODC1/KIF5B/NEK2/HNRNPD/PLK1/CCNB2/NUSAP1/CENPF/TMPO/DBF4/KIF23/CKS2/CDKN3/JPT1/PTTG1/KPNA2/UCK2/CUL3/PBK/TTK,0.6881742497700412
Round_Spermatids,AZFc_Del,AZFc_Del vs Ctrl,HALLMARK_NOTCH_SIGNALING,Notch Signaling,32,1.25924678651121,0.152400835073069,0.205033936651584,0.0690640628721124,2500,"tags=31%, list=7%, signal=29%",HES1/JAG1/CUL1/FBXW11/NOTCH3/RBX1/MAML2/CCND1/NOTCH2/HEYL,0.6881742497700412
Round_Spermatids,AZFc_Del,AZFc_Del vs Ctrl,HALLMARK_SPERMATOGENESIS,Spermatogenesis,132,-1.14776413953219,0.15828677839851,0.205033936651584,0.0690640628721124,2805,"tags=35%, list=8%, signal=32%",SNAP91/TULP2/CCNA1/MTOR/NAA11/ZC2HC1C/AURKA/SCG3/MLLT10/CSNK2A2/SYCP1/PACRG/ODF1/EZH2/PDHA2/CDK1/COIL/YBX2/PGK2/PAPOLB/TUBA3C/IFT88/HSPA2/NEK2/STAM2/AGFG1/CCNB2/DBF4/VDAC3/CLGN/DDX25/IDE/NPHP1/CDKN3/ZPBP/ADAD1/ART3/PSMG1/CCT6B/RAD17/ADAM2/LDHC/GSTM3/TTK/GAPDHS/TSSK2,0.6881742497700412
Round_Spermatids,AZFc_Del,AZFc_Del vs Ctrl,HALLMARK_MITOTIC_SPINDLE,Mitotic Spindle,198,1.12319674690713,0.181015452538631,0.226269315673289,0.0762170326478448,4301,"tags=33%, list=12%, signal=29%",SORBS2/CDC42/GSN/FLNA/DYNLL2/NET1/EZR/CENPJ/KIF2C/VCL/SPTBN1/PDLIM5/MYH9/CAPZB/NEDD9/PALLD/WASF2/SMC1A/CYTH2/FGD4/SPTAN1/ACTN4/WASL/ARHGAP29/RABGAP1/RALBP1/CLIP1/STAU1/ROCK1/CEP57/CLASP1/UXT/CSNK1D/HOOK3/STK38L/RAPGEF5/AKAP13/TUBA4A/WASF1/PCNT/CTTN/NOTCH2/ARHGAP10/MYO1E/ARHGEF12/MYH10/SMC3/ABR/NF1/PAFAH1B1/ABI1/KIF3B/CDC42EP4/ARHGEF7/SYNPO/MAPRE1/FLNB/BIN1/DOCK4/FSCN1/MID1/BUB1/PLEKHG2/PKD2/LATS1,0.6453743366210591
Round_Spermatids,AZFc_Del,AZFc_Del vs Ctrl,HALLMARK_PEROXISOME,Peroxisome,104,1.14692102996924,0.186192468619247,0.227063986121033,0.0764847111144531,4756,"tags=35%, list=13%, signal=30%",SOD1/GSTK1/SMARCC1/CNBP/SLC25A4/TSPO/DHRS3/SCP2/YWHAH/ALDH1A1/ACSL1/HSD17B11/PEX5/MLYCD/ESR2/VPS4B/ACSL4/ERCC1/PRDX5/HSD17B4/MVP/FADS1/SLC25A17/ECH1/LONP2/PRDX1/SOD2/IDH2/ABCC5/ELOVL5/SLC23A2/ABCB1/HMGCL/RDH11/CAT/ABCB4,0.6438517423509224
Round_Spermatids,AZFc_Del,AZFc_Del vs Ctrl,HALLMARK_APICAL_SURFACE,Apical Surface,42,1.20832709700065,0.191897654584222,0.22844958879074,0.0769514404347757,3569,"tags=29%, list=10%, signal=26%",HSPB1/APP/PKHD1/ADIPOR2/CX3CL1/EPHB4/FLOT2/MAL/B4GALT1/DCBLD2/AFAP1L2/ATP8B1,0.6412096193376403
Round_Spermatids,AZFc_Del,AZFc_Del vs Ctrl,HALLMARK_UNFOLDED_PROTEIN_RESPONSE,Unfolded Protein Response,109,1.12728074482402,0.211864406779661,0.246353961371699,0.0829823869883617,5097,"tags=36%, list=14%, signal=31%",YWHAZ/EIF4E/EIF4A2/EIF4G1/MTHFD2/DNAJA4/BANF1/HERPUD1/ATF4/TSPYL2/HSP90B1/TTC37/HSPA9/CCL2/ASNS/SEC31A/PDIA5/ATF3/DCP1A/SLC1A4/NOP56/DKC1/BAG3/PARN/CEBPG/SEC11A/IFIT1/NOP14/YIF1A/FKBP14/GOSR2/LSM4/HSPA5/ATP6V0D1/GEMIN4/EXOSC4/SRPRA/DCP2/NOLC1,0.6084404498776552
Round_Spermatids,AZFc_Del,AZFc_Del vs Ctrl,HALLMARK_GLYCOLYSIS,Glycolysis,198,1.07850036292043,0.260485651214128,0.290598290598291,0.0978857399910032,4686,"tags=27%, list=13%, signal=24%",DCN/SOD1/PKM/TPI1/TXN/MDH1/PPIA/IL13RA1/AK3/XYLT2/PAM/ARPP19/PGK1/MXI1/CYB5A/PDK3/TALDO1/MDH2/B4GALT7/CHST1/GLRX/CITED2/ENO2/PSMC4/PGAM1/PFKP/SPAG4/SDHC/COL5A1/AGL/GNPDA1/ANKZF1/CD44/GPR87/ENO1/B4GALT1/NSDHL/EGFR/COG2/IGFBP3/CTH/POLR3K/QSOX1/PLOD1/PGLS/AK4/GCLC/SLC35A3/ALDH7A1/ME2/HSPA5/CHST12/GOT2/G6PD,0.5367069447039059
Round_Spermatids,AZFc_Del,AZFc_Del vs Ctrl,HALLMARK_MYC_TARGETS_V1,Myc Targets V1,181,1.07766498853177,0.261538461538462,0.290598290598291,0.0978857399910032,4005,"tags=44%, list=11%, signal=39%",EIF4H/HSP90AB1/EIF4E/SSB/PRDX3/CANX/FBL/HSPD1/ACP1/PRPS2/SMARCC1/C1QBP/RACK1/CNBP/GLO1/PPIA/EIF1AX/DEK/PSMC6/PPM1G/HNRNPU/CUL1/HNRNPA1/SLC25A3/CYC1/HNRNPA2B1/UBA2/ETF1/HNRNPR/SYNCRIP/PGK1/PSMD8/DDX21/DDX18/APEX1/SNRPD3/TUFM/EEF1B2/XPO1/POLD2/IMPDH2/LSM2/SF3A1/RSL1D1/G3BP1/LSM7/PSMC4/HNRNPA3/PSMA7/PHB2/RAD23B/SRSF2/MYC/RNPS1/NOP56/PSMD3/UBE2E1/VBP1/SET/GNL3/RFC4/IFRD1/EIF4G2/RRM1/CDC45/VDAC1/HPRT1/DUT/PRDX4/HSPE1/FAM120A/TRA2B/EIF3J/EIF3D/CCT2/CLNS1A/NME1/PTGES3/SNRPD1,0.5367069447039059
Round_Spermatids,AZFc_Del,AZFc_Del vs Ctrl,HALLMARK_BILE_ACID_METABOLISM,Bile Acid Metabolism,111,1.0291161555786,0.363829787234043,0.395467160037003,0.133209990749306,5755,"tags=26%, list=15%, signal=22%",SOD1/GSTK1/SCP2/ALDH1A1/ACSL1/HSD17B11/MLYCD/ABCA3/CROT/AR/SLC22A18/LIPE/PNPLA8/PEX1/PRDX5/HSD17B4/FADS1/LONP2/CYP46A1/IDH2/SLC29A1/SLC23A2/CAT/ISOC1/ABCA8/BCAR3/APOA1/PECR/DIO1,0.40288957488911864
Round_Spermatids,AZFc_Del,AZFc_Del vs Ctrl,HALLMARK_OXIDATIVE_PHOSPHORYLATION,Oxidative Phosphorylation,190,0.989235567969893,0.466230936819172,0.495990358318268,0.167070436486154,4048,"tags=38%, list=11%, signal=34%",MGST3/NDUFA4/LDHB/NDUFB2/SLC25A6/IDH3G/PRDX3/COX7B/ATP6V0E1/ATP5MC2/CYB5R3/MDH1/PDK4/ATP5F1C/SLC25A5/ATP5MC3/SLC25A4/NDUFB7/GPI/COX4I1/COX8A/GPX4/SLC25A3/COX7A2L/CYC1/UQCRC2/HSPA9/ATP6V0B/BDH2/NDUFA1/CYB5A/UQCRC1/MDH2/HSD17B10/OAT/PDHA1/ETFA/ATP5F1D/OGDH/ATP5F1A/NDUFS8/SDHD/ATP6V1G1/UQCRH/PHB2/NDUFS3/SDHC/ISCA1/OPA1/ALAS1/ATP5MC1/PDP1/NDUFA9/ATP6AP1/MAOB/VDAC1/NDUFB8/HCCS/MPC1/ATP6V1D/ECHS1/NDUFS1/ECH1/ATP6V1H/ATP6V1E1/CPT1A/VDAC2/ETFDH/SLC25A20/SUCLA2/NDUFS2/IMMT/IDH2,0.30452676578776927
Round_Spermatids,AZFc_Del,AZFc_Del vs Ctrl,HALLMARK_MYC_TARGETS_V2,Myc Targets V2,57,-0.957671484037532,0.529080675422139,0.551125703564728,0.185642342253382,1408,"tags=26%, list=4%, signal=25%",WDR74/SORD/MCM4/CDK4/NOP16/MRTO4/TBRG4/RABEPK/PLK4/PA2G4/IPO4/NPM1/PLK1/CBX3/AIMP2,0.25874933374677955
Round_Spermatids,AZFc_Del,AZFc_Del vs Ctrl,HALLMARK_DNA_REPAIR,Dna Repair,147,-0.865162049253574,0.833955223880597,0.850974718245507,0.286644115619539,5008,"tags=28%, list=13%, signal=24%",AGO4/BRF2/RFC5/FEN1/CCNO/ERCC8/TK2/POLR3GL/ADRM1/SUPT5H/POM121/TAF12/MPC2/RFC3/POLR2H/POLR2F/NELFE/ZWINT/TAF6/RPA3/CETN2/RPA2/SUPT4H1/POLL/GTF2H1/RAE1/ERCC4/NUDT21/GTF2H5/POLD3/POLR2D/SNAPC5/NUDT9/RNMT/DAD1/TYMS/SF3A3/GTF2A2/TAF9/TAF10/POLR2I,0.0700833422533285
Round_Spermatids,AZFc_Del,AZFc_Del vs Ctrl,HALLMARK_KRAS_SIGNALING_DN,Kras Signaling Dn,189,0.858121167074511,0.854978354978355,0.854978354978355,0.287992709045341,3846,"tags=12%, list=10%, signal=11%",KCNMB1/BTG2/DCC/GPRC5C/IFI44L/ZBTB16/KRT15/ITIH3/SLC30A3/GAMT/BARD1/NRIP2/EDN1/EFHD1/NTF3/CPEB3/THRB/TENM2/SGK1/SLC25A23/NR4A2/SYNPO/MYO15A,0.06804487992966529
Round_Spermatids,KS,KS vs Ctrl,HALLMARK_EPITHELIAL_MESENCHYMAL_TRANSITION,Epithelial Mesenchymal Transition,198,1.89169030866401,5.1196322889821e-09,2.55981614449105e-07,1.34727165499529e-07,5257,"tags=44%, list=14%, signal=38%",MYL9/CALD1/MGP/TPM2/LGALS1/TIMP3/MYLK/SPARC/TPM1/DCN/VIM/TPM4/ITGB1/TIMP1/GADD45B/FLNA/POSTN/JUN/SAT1/RHOB/BGN/PRRX1/TAGLN/FN1/ID2/FERMT2/SGCB/CD59/EMP3/SERPINE1/DPYSL3/MEST/CAP2/CALU/FBN1/COL4A1/CXCL12/COL1A2/ABI3BP/FSTL1/THBS1/PMP22/GADD45A/NOTCH2/LUM/TGFBR3/CDH2/MFAP5/WIPF1/COPA/IL32/COL11A1/SERPINH1/SLIT3/CD44/ECM2/DAB2/COL4A2/COL6A2/COL5A1/COL3A1/FAS/MATN2/COL6A3/IGFBP4/FSTL3/MMP2/IGFBP3/CXCL8/COL12A1/LAMC1/PDGFRB/PFN2/PLOD1/COL1A1/SERPINE2/EDIL3/GPX7/NNMT/ITGA5/LAMA2/PCOLCE/NTM/CADM1/FBLN5/MMP14/IL15/THBS2,6.591791226211746
Round_Spermatids,KS,KS vs Ctrl,HALLMARK_COAGULATION,Coagulation,135,1.91932118932038,1.37405063365596e-08,3.43512658413989e-07,1.80796136007363e-07,3972,"tags=34%, list=11%, signal=31%",A2M/TIMP3/SPARC/TIMP1/CSRP1/SERPING1/CD9/GSN/CRIP2/RAC1/SIRT2/CAPN2/WDR1/PECAM1/FN1/VWF/GNG12/PRSS23/SERPINE1/C1R/ARF4/ANXA1/FBN1/F8/LAMP2/THBS1/F3/CTSO/CFH/C1QA/S100A13/C1S/TF/MSRB2/PEF1/CTSB/APOA1/CFD/HMGCS2/CTSH/OLR1/KLF7/THBD/C3/CTSK/MMP2,6.464057254592632
Round_Spermatids,KS,KS vs Ctrl,HALLMARK_TNFA_SIGNALING_VIA_NFKB,Tnfa Signaling Via Nfkb,198,1.70848690786613,8.98039463368814e-06,0.000149673243894802,7.87753915235802e-05,5960,"tags=44%, list=16%, signal=37%",DUSP1/FOS/GADD45B/NFKBIA/JUN/TSC22D1/KLF6/SAT1/HES1/TNFAIP6/EGR1/LITAF/IER2/RHOB/BTG1/PNRC1/ZFP36/PDLIM5/ETS2/JAG1/DNAJB4/ID2/JUNB/SERPINE1/BTG2/NINJ1/DRAM1/IRF1/IFIH1/CEBPD/PHLDA2/PLK2/CDKN1A/EIF1/IL6ST/ATP2B1/F3/GADD45A/PPP1R15A/CCL2/BCL6/CFLAR/TIPARP/SOD2/EDN1/CD44/CXCL3/CCNL1/CCND1/MYC/KLF2/B4GALT1/NFIL3/ATF3/NFAT5/TNFAIP8/EFNA1/HBEGF/MCL1/IRS2/NAMPT/OLR1/PDE4B/ZBTB10/TNIP1/CSF1/NFKB1/PLPP3/PER1/FOSB/CXCL11/CCL4/SGK1/RIPK2/KLF9/BTG3/KDM6B/SPSB1/BIRC3/BHLHE40/NR4A2/EGR2/SDC4/GPR183/PLAUR/KLF10/INHBA,3.824855828697703
Round_Spermatids,KS,KS vs Ctrl,HALLMARK_APOPTOSIS,Apoptosis,159,1.6777777139099,4.02142144732159e-05,0.000428539026513627,0.000225546856059804,3972,"tags=38%, list=11%, signal=34%",IFITM3/GPX3/TIMP3/CAV1/HSPB1/TXNIP/DCN/TIMP1/GADD45B/GSN/SOD1/JUN/LGALS3/SAT1/DNAJC3/RHOB/GPX1/BGN/NEDD9/ETF1/CTNNB1/TSPO/IGFBP6/BTG2/BCAP31/PTK2/TNFSF10/IRF1/ANXA1/HGF/SPTAN1/ROCK1/BNIP3L/CDKN1A/IFNGR1/PPT1/GADD45A/APP/LUM/TGFBR3/CFLAR/FEZ1/LMNA/CCND2/PDCD4/SOD2/CASP3/CD44/CCND1/DNM1L/EMP1/CDKN1B/ATF3/CTH/FAS/MCL1/ADD1/CASP2/XIAP/MMP2,3.3680096212840023
Round_Spermatids,KS,KS vs Ctrl,HALLMARK_INTERFERON_GAMMA_RESPONSE,Interferon Gamma Response,195,1.65990594113582,4.28539026513627e-05,0.000428539026513627,0.000225546856059804,5326,"tags=43%, list=14%, signal=37%",B2M/IFITM3/MT2A/TXNIP/CD74/IFITM2/IFI27/SERPING1/NFKBIA/ARID5B/TNFAIP6/BTG1/MTHFD2/LY6E/STAT3/VAMP5/C1R/TNFSF10/IRF1/IFIH1/PSME1/BST2/HLA-B/GPR18/ADAR/HLA-DMA/CDKN1A/LGALS3BP/IFI44L/FGL2/PLSCR1/SAMHD1/PSMB9/GBP4/CCL2/CFH/IRF2/PSMB8/HIF1A/TRAFD1/EIF2AK2/LATS2/C1S/STAT2/SOD2/CASP3/SAMD9L/TAPBP/HLA-DQA1/NMI/IL7/FAS/SSPN/FCGR1A/NAMPT/HLA-DRB1/IFI44/PDE4B/PTPN6/MVP/APOL6/ISG15/PTPN2/PARP14/NFKB1/SRI/IFI35/IFIT1/EPSTI1/NCOA3/CD40/UBE2L6/CXCL11/TRIM21/SOCS1/LCP2/RIPK2/OAS2/PSME2/IL15/CIITA/VAMP8/RIPK1,3.3680096212840023
Round_Spermatids,KS,KS vs Ctrl,HALLMARK_MYOGENESIS,Myogenesis,196,1.56310478467614,0.000385091802605965,0.00278420031500828,0.00146536858684646,3702,"tags=31%, list=10%, signal=28%",TPM2/MYH11/GPX3/MYLK/FHL1/SPARC/ITGB1/GADD45B/CNN3/GSN/KLF5/EIF4A2/CRYAB/IGFBP7/SIRT2/SVIL/ABLIM1/BAG1/APOD/LPIN1/SGCA/CASQ2/DMD/MAPRE3/PDLIM7/TAGLN/MYH9/COX7A1/IFRD1/DES/MYH3/SPTAN1/CD36/COL15A1/SORBS1/CDKN1A/TPM3/SYNGR2/SH3BGR/ACSL1/LARGE1/APP/AEBP1/RB1/CDH13/AGL/SORBS3/DTNA/SMTN/COL4A2/COL6A2/CFD/LDB3/WWTR1/ATP6AP1/COL3A1/PTP4A3/HBEGF/SSPN/COL6A3,2.555299521729176
Round_Spermatids,KS,KS vs Ctrl,HALLMARK_UV_RESPONSE_DN,Uv Response Dn,140,1.61040388566977,0.00038978804410116,0.00278420031500828,0.00146536858684646,4410,"tags=44%, list=12%, signal=39%",IGFBP5/CAV1/DUSP1/ANXA2/ICA1/PRKCE/ATRX/INPP4B/MT1E/MGLL/LTBP1/MAP1B/WDR37/CELF2/NFIB/PDLIM5/ID1/KCNMA1/NRP1/RASA2/YTHDC1/HAS2/SERPINE1/NR3C1/NIPBL/SYNE1/KALRN/CAP2/PTPRM/TGFBR2/SDC2/COL1A2/TJP1/PMP22/FHL2/PLCB4/ATP2B1/F3/SIPA1L1/AKT3/NOTCH2/CITED2/TGFBR3/APBB2/COL11A1/DYRK1A/MYC/DAB2/PRKAR2B/CDKN1B/ARHGEF9/SLC22A18/COL3A1/SYNJ2/GRK5/LAMC1/PDGFRB/NEK7/NFKB1/PLPP3/SRI/COL1A1,2.555299521729176
Round_Spermatids,KS,KS vs Ctrl,HALLMARK_E2F_TARGETS,E2f Targets,198,-1.52656192499823,0.000465185717456459,0.00290741073410287,0.00153021617584362,4462,"tags=41%, list=12%, signal=37%",CDK4/HMMR/BRCA1/UBR7/RPA2/CDCA8/POLE/RFC3/CTPS1/EXOSC8/PNN/PAN2/CDKN3/RAD1/ZW10/SSRP1/CBX5/NBN/SMC4/ESPL1/NCAPD2/SMC6/RPA1/HMGB2/BRCA2/RFC1/CCNE1/WDR90/AK2/DONSON/ILF3/HNRNPD/CENPM/PLK4/GSPT1/DLGAP5/PPM1D/NASP/PSMC3IP/DEPDC1/CDC25A/SNRPB/POLD3/DDX39A/SHMT1/MCM4/TUBG1/TOP2A/CDCA3/CDK1/CSE1L/PSIP1/SPAG5/WEE1/TBRG4/NUDT21/BUB1B/RACGAP1/TMPO/PA2G4/EZH2/CENPE/PTTG1/USP1/MCM7/CDC20/KPNA2/XRCC6/CIT/AURKA/MLH1/TACC3/JPT1/BIRC5/RAN/ORC2/CCNB2/CKS2/RANBP1/UBE2S/PLK1/LYAR,2.5364936104883116
Round_Spermatids,KS,KS vs Ctrl,HALLMARK_INFLAMMATORY_RESPONSE,Inflammatory Response,197,1.50215098861288,0.000801465389799562,0.00445258549888646,0.0023434660520455,6370,"tags=35%, list=17%, signal=29%",TIMP1/CD55/NFKBIA/KLF6/TNFAIP6/SLC7A2/RGS1/LY6E/SGMS2/HAS2/EMP3/SERPINE1/BTG2/CALCRL/TNFSF10/IRF1/BST2/TLR3/CDKN1A/CD82/ATP2B1/F3/CCL2/HIF1A/EIF2AK2/ABI1/EDN1/TAPBP/DCBLD2/CX3CL1/MYC/NMI/RHOG/P2RX7/AXL/HBEGF/KIF1B/NAMPT/OLR1/PDE4B/CXCL8/CSF1/NFKB1/SRI/C3AR1/IFITM1/RGS16/ACVR1B/CYBB/CD40/MSR1/CXCL11/ITGA5/LCP2/RIPK2/MMP14/ACVR2A/IL15/AHR/CD14/GPR183/PLAUR/INHBA/CMKLR1/IL1R1/PTPRE/HPN/OSMR/VIP,2.351387732428875
Round_Spermatids,KS,KS vs Ctrl,HALLMARK_APICAL_JUNCTION,Apical Junction,198,1.49039813916024,0.00181699917961492,0.00757082991506218,0.00398464732371694,4001,"tags=26%, list=11%, signal=24%",ACTB/MYL9/PFN1/ITGB1/NEXN/CD99/MSN/RSU1/NF1/MAP3K20/ACTG2/GNAI2/PECAM1/VWF/MYH9/VCL/ACTN1/HADH/PTK2/RRAS/ACTN4/CD34/WASL/YWHAH/LIMA1/FBN1/ZYX/CTNNA1/SKAP2/CLDN5/SGCE/TJP1/TIAL1/MYL12B/AKT3/PARVA/AMIGO2/GAMT/EPB41L2/SORBS3/CX3CL1/B4GALT1/MYH10/CNN2/CDK8/MDK/FSCN1/FYB1/ITGA9/MMP2/EGFR/PPP2R2C,2.1208565104898636
Round_Spermatids,KS,KS vs Ctrl,HALLMARK_COMPLEMENT,Complement,199,1.48352498724032,0.00170976016928232,0.00757082991506218,0.00398464732371694,4993,"tags=35%, list=13%, signal=30%",CD46/PFN1/TIMP1/CSRP1/GNG2/SERPING1/CD55/LGALS3/CALM1/ZEB1/GNAI2/USP16/ANXA5/CPM/FN1/GPD2/USP15/CD59/SERPINE1/C1R/IRF1/CA2/F8/CD36/CTSS/LAMP2/DGKH/KCNIP2/PLSCR1/PSMB9/F3/CTSO/CTSD/USP14/CFH/IRF2/C1QA/APOBEC3G/RBSN/HSPA1A/CDH13/S100A13/C1S/PDP1/CASP3/COL4A2/GNB4/CTSB/C1QC/RHOG/PCLO/CTSH/OLR1/ZFPM2/CTSC/FCER1G/C3/DOCK4/CTSV/APOBEC3F/DOCK9/L3MBTL4/LGMN/GRB2/CPQ/CLU/LCP2/ADAM9/PRDM4,2.1208565104898636
Round_Spermatids,KS,KS vs Ctrl,HALLMARK_INTERFERON_ALPHA_RESPONSE,Interferon Alpha Response,95,1.59619755639831,0.00174927723170518,0.00757082991506218,0.00398464732371694,5312,"tags=51%, list=14%, signal=43%",B2M/IFITM3/TXNIP/CD74/IFITM2/IFI27/LPAR6/LY6E/HLA-C/IRF1/IFIH1/PSME1/BST2/ADAR/LGALS3BP/IFI44L/ELF1/PLSCR1/PSMB9/GBP4/IRF2/PSMB8/TRAFD1/EIF2AK2/C1S/STAT2/PARP9/SAMD9L/NMI/IL7/IFI44/ISG15/PARP14/CNP/GBP2/CSF1/IFI35/IFITM1/EPSTI1/UBE2L6/NCOA7/CXCL11/TRIM21/RIPK2/SAMD9/PSME2/IL15/GMPR,2.1208565104898636
Round_Spermatids,KS,KS vs Ctrl,HALLMARK_ANGIOGENESIS,Angiogenesis,35,1.63510788531688,0.00307109770668129,0.0109682060952903,0.0057727400501528,3782,"tags=43%, list=10%, signal=39%",TIMP1/S100A4/POSTN/NRP1/JAG1/PTK2/SERPINA5/FSTL1/PDGFA/APP/LUM/CCND2/COL3A1/OLR1/THBD,1.9598643976417387
Round_Spermatids,KS,KS vs Ctrl,HALLMARK_IL6_JAK_STAT3_SIGNALING,Il6 Jak Stat3 Signaling,83,1.5943024276722,0.00290657681571412,0.0109682060952903,0.0057727400501528,5172,"tags=33%, list=14%, signal=28%",A2M/CD9/JUN/PTPN11/STAT3/IL13RA1/PLA2G2A/IRF1/CD36/IL6ST/IFNGR1/LEPR/STAT2/CD44/CXCL3/IL7/FAS/TNFRSF1A/PTPN2/PDGFC/CSF1/ACVR1B/TNFRSF21/CXCL11/GRB2/SOCS1/IL3RA,1.9598643976417387
Round_Spermatids,KS,KS vs Ctrl,HALLMARK_ESTROGEN_RESPONSE_EARLY,Estrogen Response Early,197,1.42339484083252,0.00331160325962976,0.0110386775320992,0.00580983028005221,3981,"tags=24%, list=11%, signal=22%",DYNLT3/ISG20L2/FOS/FKBP5/RETREG1/AKAP1/SVIL/ABLIM1/BAG1/PDLIM3/HES1/RAB31/SLC7A2/FRK/DHRS3/PRSS23/TTC39A/SLC37A1/MED13L/TJP3/FARP1/AFF1/CXCL12/ELF1/IL6ST/BLVRB/FHL2/KRT15/SLC16A1/ENDOD1/ELOVL2/UGCG/ELOVL5/TIPARP/CD44/CCND1/MYC/ABCA3/B4GALT1/AR/SNX24/NBL1/MAPT/OLFML3/SIAH2/IGFBP4/SCARB1/FLNB,1.9570829533200742
Round_Spermatids,KS,KS vs Ctrl,HALLMARK_KRAS_SIGNALING_UP,Kras Signaling Up,196,1.46042388944375,0.00364461033726662,0.0113894073039582,0.0059944248968201,4591,"tags=30%, list=12%, signal=27%",SPARCL1/CCSER2/TSPAN1/KIF5C/APOD/SLPI/GNG11/ENG/PRRX1/LCP1/PECAM1/NRP1/CDADC1/GUCY1A1/ID2/EPB41L3/GADD45G/VWA5A/CA2/ADGRL4/CTSS/CPE/TOR1AIP2/EVI5/PRELID3B/ETS1/PPP1R15A/CFH/GYPC/MAP3K1/PSMB8/GLRX/ETV5/CCND2/PEG3/IL33/DCBLD2/ETV1/ADAM17/EMP1/TSPAN7/CROT/CAB39L/ABCB1/GPNMB/MAP7/HBEGF/LAPTM5/GPRC5B/MMD/ACE/FCER1G/IGFBP3/NIN/F13A1/C3AR1/RGS16/TSPAN13/ST6GAL1,1.943498875685417
Round_Spermatids,KS,KS vs Ctrl,HALLMARK_G2M_CHECKPOINT,G2m Checkpoint,194,-1.39275436524616,0.00692556726394651,0.0203693154821956,0.0107206923590503,4462,"tags=40%, list=12%, signal=36%",CDK4/HMMR/UCK2/CDC7/TGFB1/ABL1/RPA2/RASAL2/POLE/SMC2/E2F4/ORC5/CDKN3/PRMT5/SMC4/ESPL1/BRCA2/KIF20B/GINS2/STIL/UBE2C/HMGN2/CHMP1A/TNPO2/CBX1/BUB3/ILF3/RBM14/KIF11/HNRNPD/SQLE/PLK4/GSPT1/UPF1/NASP/NSD2/CDC25A/TPX2/DDX39A/TOP2A/TFDP1/NUP50/CDK1/TROAP/NUSAP1/EWSR1/KNL1/PAFAH1B1/CDC27/TTK/CUL4A/NDC80/RACGAP1/TMPO/EZH2/CENPE/PTTG1/CDC20/KIF23/KPNA2/AURKA/NEK2/TACC3/JPT1/BIRC5/SAP30/CENPF/DBF4/KPNB1/CCNB2/CKS2/DR1/ODC1/UBE2S/PBK/KIF5B/PLK1/CUL3,1.6910235653690209
Round_Spermatids,KS,KS vs Ctrl,HALLMARK_ALLOGRAFT_REJECTION,Allograft Rejection,186,1.39691859253156,0.00811359995097564,0.022537777641599,0.0118619882324205,5234,"tags=23%, list=14%, signal=20%",B2M/CD74/TIMP1/HLA-DRA/HLA-E/FLNA/SRGN/TLR3/BCAT1/HLA-DMA/CTSS/EIF3A/IFNGR1/UBE2N/ETS1/CCL2/HIF1A/CCND2/ABI1/TAPBP/HLA-DQA1/IL7/FAS/HLA-DMB/FYB1/PTPN6/EGFR/GBP2/CSF1/FCGR2B/GALNT1/CD40/BCL10/CCL4/SOCS1/LCP2/RIPK2/UBE2D1/NME1/ACVR2A/HLA-DOA/IL15,1.647088910187603
Round_Spermatids,KS,KS vs Ctrl,HALLMARK_ADIPOGENESIS,Adipogenesis,197,1.29198201724867,0.0202781685093529,0.0506954212733823,0.0266818006702012,3961,"tags=34%, list=11%, signal=31%",SPARCL1/GPX3/MYLK/MGST3/GHITM/ADIG/CAVIN1/SOD1/SNCG/COX7B/MGLL/PRDX3/CD151/RIOK3/ATP1B3/IDH3G/HIBCH/SCP2/GPD2/UQCR11/HADH/STOM/COX8A/COL4A1/DHRS7/CD36/G3BP2/ADIPOR2/COL15A1/SORBS1/ALDH2/YWHAG/LAMA4/ACADL/NABP1/ATP5PO/IMMT/IFNGR1/BAZ2A/ITIH5/LIFR/GPAT4/GADD45A/RAB34/ACLY/UBC/BCL6/NDUFA5/NDUFB7/PEMT/AGPAT3/FABP4/TKT/CAVIN2/DECR1/PDCD4/CHUK/PLIN2/ELOVL6/SDHC/SSPN/OMD/UQCRQ/SCARB1/C3/ECHS1/ACADM,1.295031263654854
Round_Spermatids,KS,KS vs Ctrl,HALLMARK_TGF_BETA_SIGNALING,Tgf Beta Signaling,54,1.4858533694517,0.0201803708992413,0.0506954212733823,0.0266818006702012,3438,"tags=37%, list=9%, signal=34%",ID3/RAB31/ENG/ID1/ID2/JUNB/CDKN1C/CTNNB1/SPTBN1/SERPINE1/SMAD1/ARID4B/THBS1/TJP1/PPP1R15A/FKBP1A/BMPR2/TRIM33/HIPK2/WWTR1,1.295031263654854
Round_Spermatids,KS,KS vs Ctrl,HALLMARK_SPERMATOGENESIS,Spermatogenesis,132,-1.36436832540101,0.0222027179514883,0.0528636141702103,0.0278229548264265,2451,"tags=42%, list=7%, signal=40%",IP6K1/SHE/DPEP3/TCP11/TSN/ARL4A/NF2/NCAPH/PACRG/BRAF/IDE/MAST2/CDK1/MTOR/ACTL7B/ADAD1/TTK/EZH2/IFT88/CNIH2/POMC/STRBP/NPHP1/MLLT10/PCSK4/ZPBP/AURKA/NEK2/ACRBP/AGFG1/CSNK2A2/DDX25/CCT6B/VDAC3/ZC2HC1C/PDHA2/GSTM3/PAPOLB/DBF4/ART3/PHF7/CCNB2/PSMG1/COIL/SLC2A5/LDHC/ADAM2/PHKG2/PIAS2/CLGN/TSSK2/TUBA3C/GAPDHS/HSPA2/CCNA1/YBX2,1.2768431484210656
Round_Spermatids,KS,KS vs Ctrl,HALLMARK_P53_PATHWAY,P53 Pathway,192,1.31422550131841,0.0296531966382232,0.0673936287232346,0.0354703309069656,4733,"tags=32%, list=13%, signal=28%",S100A10/TXNIP/S100A4/FOS/ZFP36L1/TM4SF1/LDHB/JUN/TSC22D1/NUPR1/SAT1/BTG1/VWA5A/BTG2/SESN1/NINJ1/DRAM1/STOM/TSPYL2/CD81/DCXR/BLCAP/PLK2/CDKN1A/EPHX1/PDGFA/CD82/PTPN14/SERTAD3/ZBTB16/GADD45A/PITPNC1/CTSD/PPP1R15A/APP/RB1/TRAFD1/MDM2/CDH13/CCND2/HEXIM1/NOL8/TAX1BP3/SLC3A2/ATF3/RACK1/FAS/HBEGF/ZMAT3/XPC/ST14/DNTTIP2/CCNG1/AEN/CLCA2/RGS16/KRT17/ABCC5/ACVR1B/PRMT2/FOXO3/NUDT15,1.171381158971089
Round_Spermatids,KS,KS vs Ctrl,HALLMARK_PROTEIN_SECRETION,Protein Secretion,93,1.35414811893816,0.0317301259541403,0.0689785346829136,0.0363044919383756,3976,"tags=42%, list=11%, signal=38%",CD63/CAV2/SOD1/ICA1/SEC31A/LMAN1/GOSR2/SNAP23/OCRL/VPS4B/SEC24D/ATP1A1/AP3B1/PAM/YIPF6/VAMP3/TMX1/GALC/LAMP2/TMED2/ARCN1/ERGIC3/PPT1/VPS45/CLCN3/STX12/STX7/COG2/NAPG/SCAMP1/COPB2/SEC22B/DNM1L/TSPAN8/KIF1B/AP1G1/SSPN/CTSC/EGFR,1.16128603562656
Round_Spermatids,KS,KS vs Ctrl,HALLMARK_DNA_REPAIR,Dna Repair,147,-1.26734051171606,0.0482930288439806,0.0965860576879611,0.0508347672041901,4731,"tags=36%, list=13%, signal=32%",CETN2/BRF2/ERCC8/NCBP2/CANT1/POLR2D/ALYREF/RPA2/GTF3C5/SRSF6/RFC3/ZNF707/ERCC3/POLH/POM121/SNAPC5/NUDT9/AGO4/SSRP1/VPS37B/ELOA/SUPT4H1/MPG/ERCC1/COX17/DAD1/EDF1/GTF2H1/TK2/POLD3/SURF1/POLR1D/SAC3D1/ZWINT/TAF6/POLR2H/NUDT21/POLR2E/TAF9/POLL/NELFE/RAE1/SF3A3/VPS28/CCNO/MPC2/SUPT5H/ADRM1/TAF10/GPX4/GTF2A2/TYMS/POLR2I,1.0150855599839959
Round_Spermatids,KS,KS vs Ctrl,HALLMARK_GLYCOLYSIS,Glycolysis,198,-1.24842094709539,0.0479321540231432,0.0965860576879611,0.0508347672041901,3291,"tags=20%, list=9%, signal=19%",TALDO1/VLDLR/ISG20/GALK2/FAM162A/PC/FUT8/ALG1/TPBG/PSMC4/HAX1/NASP/DEPDC1/ALDH9A1/CACNA1H/RBCK1/TPST1/MPI/GFPT1/MED24/RRAGD/CDK1/GMPPB/PPP2CB/GOT1/HDLBP/ENO1/LHPP/LDHA/KIF2A/AURKA/SLC25A10/FKBP4/SAP30/GUSB/CHST1/LDHC/PFKP/GAPDHS/PGAM2,1.0150855599839959
Round_Spermatids,KS,KS vs Ctrl,HALLMARK_MYC_TARGETS_V1,Myc Targets V1,181,-1.24664615536604,0.050808658079225,0.0977089578446636,0.051425767286665,2607,"tags=31%, list=7%, signal=29%",XPOT/TOMM70/BUB3/PSMC4/HNRNPD/SSBP1/DHX15/EIF3D/GSPT1/SF3A1/EIF2S2/SNRPA/CYC1/SNRPA1/MCM4/TFDP1/EIF3B/TXNL4A/SERBP1/TUFM/PPM1G/PSMD3/COX5A/PABPC1/ILF2/PA2G4/SRSF7/PSMD14/SNRPG/ERH/PSMD8/TCP1/YWHAQ/USP1/CCT5/MCM7/CCT7/CDC20/KPNA2/XRCC6/LDHA/RAN/ORC2/VDAC3/CCT3/PSMB3/KPNB1/PCBP1/CCT4/RANBP1/RUVBL2/ODC1/TYMS/PSMD7/NHP2/TRIM28/AIMP2,1.010065618838334
Round_Spermatids,KS,KS vs Ctrl,HALLMARK_ANDROGEN_RESPONSE,Androgen Response,98,1.28767185503515,0.0743639921722113,0.137711096615206,0.0724795245343191,3518,"tags=37%, list=9%, signal=33%",B2M/IQGAP2/FKBP5/CDK6/ARID5B/INPP4B/TSC22D1/SLC38A2/SAT1/MYL12A/LMAN1/PDLIM5/UBE2J1/GUCY1A1/STEAP4/APPBP2/ACTN1/NGLY1/SEC24D/NCOA4/XRCC5/GPD1L/VAPA/HMGCR/LIFR/TMEM50A/MAK/MAF/ELK4/ELOVL5/SMS/ADAMTS1/CCND1/B4GALT1/TNFAIP8/MAP7,0.8610310633408718
Round_Spermatids,KS,KS vs Ctrl,HALLMARK_HYPOXIA,Hypoxia,197,1.18756610272389,0.0963855421686747,0.166516339415805,0.0876401786398974,4066,"tags=30%, list=11%, signal=27%",MT2A/CAV1/DCN/TES/S100A4/DUSP1/FOS/ANXA2/CAVIN1/JUN/TMEM45A/MT1E/KLF6/HK1/BTG1/PNRC1/BGN/ZFP36/MYH9/CDKN1C/TPI1/PPARGC1A/RORA/SERPINE1/NR3C1/GPI/MXI1/WSB1/PAM/ERRFI1/SDC2/BNIP3L/CDKN1A/PGK1/LARGE1/F3/ETS1/PPP1R15A/MAP3K1/CITED2/GLRX/IDS/TIPARP/PLIN2/DTNA/KLHL24/CDKN1B/SELENBP1/NFIL3/ATF3/COL5A1/EFNA1/IRS2/KLF7/SIAH2/SCARB1/EGFR/IGFBP3/PDK3,0.7785431449206827
Round_Spermatids,KS,KS vs Ctrl,HALLMARK_IL2_STAT5_SIGNALING,Il2 Stat5 Signaling,198,1.18425218831661,0.096579476861167,0.166516339415805,0.0876401786398974,5443,"tags=32%, list=15%, signal=27%",IFITM3/AHNAK/GADD45B/CDCP1/KLF6/GUCY1B1/RHOB/HUWE1/MAPKAPK2/NRP1/DHRS3/CDKN1C/GSTO1/HOPX/GABARAPL1/ALCAM/RORA/TTC39B/TNFSF10/CA2/CD81/PRAF2/FGL2/IFNGR1/SYNGR2/ITIH5/PLSCR1/ITGA6/GBP4/POU2F1/CDC42SE2/COL6A1/BMPR2/CCND2/CASP3/CD44/MYO1E/MYC/SYT11/PLIN2/EMP1/NFIL3/HIPK2/ABCB1/SWAP70/NFKBIZ/CYFIP1/CSF1/PRKCH/RGS16/NCOA3/TNFRSF21/SOCS1/BCL2/LCLAT1/PTH1R/IL3RA/CTSZ/SH3BGRL2/IGF1R/AHR/TIAM1/UMPS,0.7785431449206827
Round_Spermatids,KS,KS vs Ctrl,HALLMARK_FATTY_ACID_METABOLISM,Fatty Acid Metabolism,156,1.1792764207799,0.120724346076459,0.195990232617915,0.103152754009429,4071,"tags=34%, list=11%, signal=30%",LGALS1/GLUL/S100A10/SUCLA2/MGLL/IDH3G/METAP1/HIBCH/SERINC1/ALDH1A1/GABARAPL1/GPD2/HSDL2/MDH1/HADH/YWHAH/CA2/PCBD1/PSME1/CD36/ALDH3A2/MAOA/ADIPOR2/PTPRG/APEX1/ACADL/UROD/ACSS1/EPHX1/HSD17B11/ACSL1/ACSL4/AOC3/SUCLG2/HSD17B10/ELOVL5/PDHA1/RAP1GDS1/DECR1/SMS/CBR1/HCCS/MLYCD/SDHD/NSDHL/SDHC/HMGCS2/INMT/PTS/ECHS1/ACADM/PRDX6/ERP29,0.7077655716325071
Round_Spermatids,KS,KS vs Ctrl,HALLMARK_PANCREAS_BETA_CELLS,Pancreas Beta Cells,38,-1.28845936241369,0.121513944223108,0.195990232617915,0.103152754009429,4260,"tags=29%, list=11%, signal=26%",DPP4/NEUROD1/SRPRB/G6PC2/SEC11A/SRP14/IAPP/ELP4/NKX6-1/SRP9/SPCS1,0.7077655716325071
Round_Spermatids,KS,KS vs Ctrl,HALLMARK_ESTROGEN_RESPONSE_LATE,Estrogen Response Late,196,1.13898508832292,0.150602409638554,0.235316265060241,0.123850665821179,4156,"tags=25%, list=11%, signal=22%",DYNLT3/CAV1/FOS/FKBP5/CD9/BAG1/PDLIM3/RAB31/FRK/ZFP36/ID2/PRSS23/TJP3/EMP2/MEST/SERPINA5/FARP1/AFF1/CA2/CXCL12/DCXR/ALDH3A2/CPE/IL6ST/BLVRB/SLC16A1/LARGE1/ELOVL5/HPRT1/PDCD4/CD44/CCND1/ABCA3/PRKAR2B/ASS1/KLK11/NBL1/MDK/HMGCS2/MAPT/RABEP1/SIAH2/DNAJC1/IGFBP4/PTPN6/SCARB1/FLNB/MOCS2/ST14,0.6283480533519046
Round_Spermatids,KS,KS vs Ctrl,HALLMARK_APICAL_SURFACE,Apical Surface,42,1.23032266490944,0.169387755102041,0.255882352941176,0.134674922600619,4007,"tags=29%, list=11%, signal=26%",HSPB1/PKHD1/ADIPOR2/ATP8B1/APP/EPHB4/DCBLD2/CX3CL1/B4GALT1/FLOT2/MAL/AFAP1L2,0.5919596644236373
Round_Spermatids,KS,KS vs Ctrl,HALLMARK_REACTIVE_OXYGEN_SPECIES_PATHWAY,Reactive Oxygen Species Pathway,48,1.19751682015621,0.174,0.255882352941176,0.134674922600619,3161,"tags=27%, list=8%, signal=25%",GPX3/FTL/GLRX2/SOD1/TXN/PDLIM1/JUNB/PRDX4/TXNRD1/MGST1/GLRX/SOD2/PRDX2,0.5919596644236373
Round_Spermatids,KS,KS vs Ctrl,HALLMARK_HEDGEHOG_SIGNALING,Hedgehog Signaling,36,1.21924841389002,0.200392927308448,0.28627561044064,0.150671373916126,3491,"tags=25%, list=9%, signal=23%",CDK6/NF1/ETS2/NRP1/MYH9/NRCAM/DPYSL2/ADGRG1/SLIT1,0.5432156505890979
Round_Spermatids,KS,KS vs Ctrl,HALLMARK_HEME_METABOLISM,Heme Metabolism,194,1.10208848224682,0.215139442231076,0.298804780876494,0.157265674145523,3926,"tags=27%, list=11%, signal=25%",HBB/CAST/DCUN1D1/MGST3/BACH1/TCEA1/TFDP2/ISCA1/TNS1/RIOK3/FBXO34/FBXO9/ACKR1/USP15/SDCBP/BTG2/NR3C1/NCOA4/RBM5/MXI1/CA2/BNIP3L/MOSPD1/LAMP2/UROD/ASNS/BLVRB/ENDOD1/ADIPOR1/GYPC/CLCN3/BCAM/AGPAT4/SEC14L1/XPO7/RCL1/TRIM58/KAT2B/ARHGEF12/PRDX2/SELENBP1/CTSB/LRP10/PICALM/TMEM9B/TRAK2/ADD2/KLF3/TFRC/ADD1/C3/ALDH6A1/HBZ,0.5246124580893382
Round_Spermatids,KS,KS vs Ctrl,HALLMARK_WNT_BETA_CATENIN_SIGNALING,Wnt Beta Catenin Signaling,42,1.15758533006163,0.23265306122449,0.314396028681743,0.165471594043023,6806,"tags=36%, list=18%, signal=29%",JAG1/CTNNB1/CUL1/NKD1/CCND2/HDAC11/MYC/ADAM17/CSNK1E/GNAI1/HEY1/NOTCH1/PTCH1/AXIN2/RBPJ,0.5025229484230173
Round_Spermatids,KS,KS vs Ctrl,HALLMARK_MYC_TARGETS_V2,Myc Targets V2,57,-1.13215476334644,0.24950884086444,0.328301106400579,0.172790056000305,2216,"tags=37%, list=6%, signal=35%",BYSL/NOC4L/PPAN/RRP9/MCM5/TMEM97/CBX3/FARSA/PES1/CDK4/IMP4/NIP7/EXOSC5/PLK4/MCM4/MRTO4/TBRG4/PA2G4/IPO4/PLK1/AIMP2,0.48372765366159326
Round_Spermatids,KS,KS vs Ctrl,HALLMARK_UNFOLDED_PROTEIN_RESPONSE,Unfolded Protein Response,109,-1.0482770202936,0.327902240325866,0.420387487597264,0.221256572419612,4260,"tags=36%, list=11%, signal=32%",SRPRB/WIPI1/BAG3/TUBB2A/EXOSC1/SEC11A/LSM1/SERP1/EXOSC5/ATF6/CEBPG/EXOC2/PREB/PDIA6/HYOU1/XPOT/NFYA/NFYB/CNOT2/DNAJB9/EXOSC9/FUS/ARFGAP1/EXOSC10/MTREX/ZBTB17/CNOT4/ATP6V0D1/CALR/EIF4A3/EXOSC4/LSM4/SPCS1/POP4/KHSRP/GEMIN4/EEF2/NHP2/KIF5B,0.3763502187815987
Round_Spermatids,KS,KS vs Ctrl,HALLMARK_NOTCH_SIGNALING,Notch Signaling,32,1.03492130023946,0.426294820717131,0.519871732581868,0.273616701358878,4386,"tags=38%, list=12%, signal=33%",HES1/JAG1/CUL1/FBXW11/RBX1/NOTCH3/NOTCH2/MAML2/CCND1/HEYL/SKP1/TCF7L2,0.2841037961795449
Round_Spermatids,KS,KS vs Ctrl,HALLMARK_XENOBIOTIC_METABOLISM,Xenobiotic Metabolism,196,1.00135766093855,0.423694779116466,0.519871732581868,0.273616701358878,4581,"tags=25%, list=12%, signal=22%",MT2A/MAN1A1/ACP1/ARPP19/PDK4/SAR1B/PDLIM5/ETS2/ITIH4/ID2/GSTO1/PTGDS/TMBIM6/GABARAPL1/SERPINE1/NINJ1/CA2/ENPEP/DHRS7/CYB5A/BCAT1/CD36/DCXR/MAOA/ALDH2/EPHX1/BLVRB/ENTPD5/CYP17A1/ELOVL5/HPRT1/PEMT/NDRG2/CBR1/CROT/PGRMC1/FAS/ALAS1/AKR1C3/IGFBP4/PTS/TNFRSF1A/ADH5/CDO1/FMO3/DDAH2/PTGR1/GCLC/UGDH,0.2841037961795449
Round_Spermatids,KS,KS vs Ctrl,HALLMARK_KRAS_SIGNALING_DN,Kras Signaling Dn,189,-0.997174936239732,0.468686868686869,0.532598714416896,0.280315112850998,5117,"tags=13%, list=14%, signal=11%",ABCG4/P2RX6/SKIL/SLC29A3/SOX10/KCNQ2/ZNF112/GTF3C5/TFAP2B/PRKN/CAMK1D/PAX3/VPS50/NR6A1/SPHK2/EFHD1/STAG3/BRDT/YPEL1/RIBC2/ZC2HC1C/SPTBN2/CCNA1/YBX2,0.27359988619283787
Round_Spermatids,KS,KS vs Ctrl,HALLMARK_OXIDATIVE_PHOSPHORYLATION,Oxidative Phosphorylation,190,-0.99769585834964,0.460921843687375,0.532598714416896,0.280315112850998,3213,"tags=32%, list=9%, signal=29%",NDUFS2/TOMM22/ATP5MG/ATP5ME/PMPCA/SUCLG1/FH/NDUFB1/PDHB/UQCRB/MFN2/POR/TOMM70/IDH3A/HADHB/COX17/CYCS/ETFB/IDH3B/COX6A1/NDUFV1/HTRA2/ACO2/NDUFB5/CYC1/TIMM50/MTRF1/HADHA/ACAT1/SURF1/UQCRC1/ATP5F1D/NDUFS8/NDUFA8/COX11/NDUFA2/SDHB/TIMM13/MTX2/ATP5F1E/SDHA/COX5A/ACADVL/PDHX/NDUFS6/TIMM9/COX7C/NDUFA3/LDHA/UQCRFS1/UQCR10/COX7A2/COX6C/VDAC3/GPX4/ATP5F1B/ATP6V1F/NDUFC1/NDUFB3/NDUFS7,0.27359988619283787
Round_Spermatids,KS,KS vs Ctrl,HALLMARK_PI3K_AKT_MTOR_SIGNALING,Pi3k Akt Mtor Signaling,103,0.986450044799891,0.458984375,0.532598714416896,0.280315112850998,5933,"tags=34%, list=16%, signal=29%",PFN1/EIF4E/NFKBIB/CFL1/YWHAB/RAC1/PTPN11/PRKAR2A/MAPK8/DUSP3/MAPK10/ACACA/CDKN1A/UBE2N/RALB/STAT2/CDKN1B/CAB39L/TNFRSF1A/EGFR/VAV3/ECSIT/CLTC/MAPK9/GRB2/PRKAA2/RIT1/HSP90B1/RIPK1/TIAM1/PDK1/ATF1/MAP2K6/PLCB1/NGF,0.27359988619283787
Round_Spermatids,KS,KS vs Ctrl,HALLMARK_MITOTIC_SPINDLE,Mitotic Spindle,198,0.977952738583763,0.509054325955734,0.565304697049066,0.297528787920561,4145,"tags=33%, list=11%, signal=29%",SORBS2/CDC42/GSN/FLNA/NET1/FGD4/CENPJ/CEP57/ARHGAP29/CLIP1/NF1/EZR/DYNLL2/KIF15/KIF2C/PDLIM5/NEDD9/WASF1/MYH9/RAPGEF5/VCL/HOOK3/SMC1A/KIFAP3/SPTBN1/RASA2/AKAP13/CAPZB/CKAP5/WASF2/ACTN4/FARP1/RABGAP1/WASL/SPTAN1/CLASP1/KATNA1/ROCK1/ARHGAP10/UXT/RALBP1/STAU1/STK38L/SMC3/CTTN/NOTCH2/ABI1/EPB41L2/TUBGCP2/TLK1/MYO1E/MAPRE1/ARHGEF12/LATS1/MYH10/KIF1B/FSCN1/ABR/CYTH2/TUBA4A/MID1/FLNB/NIN/CEP192/CDC42EP4,0.24771740602402081
Round_Spermatids,KS,KS vs Ctrl,HALLMARK_MTORC1_SIGNALING,Mtorc1 Signaling,197,0.973885197889112,0.520080321285141,0.565304697049066,0.297528787920561,3769,"tags=29%, list=10%, signal=26%",IGFBP5/TES/NFKBIB/CD9/TCEA1/NUPR1/RAB1A/CANX/PSMC6/HSPD1/MTHFD2/ETF1/TPI1/ATP6V1D/BTG2/PSMD12/IFRD1/MLLT11/TXNRD1/PITPNB/GPI/PPIA/BCAT1/SKAP2/PNO1/ADIPOR2/ACACA/CDKN1A/HSPA9/FGL2/ASNS/UFM1/IMMT/PGK1/CCT6A/HMGCR/PPP1R15A/ACLY/PPA1/ELOVL5/GLRX/ATP5MC1/HPRT1/PSME3/UCHL5/SERPINH1/HSPE1/NFIL3/ELOVL6/CTH/TM7SF2/EEF1E1/PRDX1/NAMPT/TFRC/CTSC/TUBA4A,0.24771740602402081
Round_Spermatids,KS,KS vs Ctrl,HALLMARK_CHOLESTEROL_HOMEOSTASIS,Cholesterol Homeostasis,72,0.918764309683702,0.623529411764706,0.663329161451815,0.349120611290429,4838,"tags=36%, list=13%, signal=31%",S100A11/CD9/LGALS3/PNRC1/ANXA5/JAG1/CTNNB1/ALCAM/CXCL16/STX5/ERRFI1/ATF5/HMGCR/PLSCR1/ANTXR2/NFIL3/ATF3/NSDHL/TM7SF2/GPX8/PDK3/CYP51A1/GNAI1/SCD/LGMN/CLU,0.17827090971320222
Round_Spermatids,KS,KS vs Ctrl,HALLMARK_UV_RESPONSE_UP,Uv Response Up,155,0.921315166858573,0.64989939637827,0.676978537894031,0.356304493628437,4272,"tags=26%, list=11%, signal=23%",GPX3/FOS/NFKBIA/SELENOW/PDLIM3/CDC5L/RHOB/BTG1/SLC25A4/ATP6V1C1/DDX21/JUNB/CDKN1C/TMBIM6/NTRK3/BTG2/IRF1/CA2/NXF1/MAOA/UROD/ASNS/EPHX1/IL6ST/CYB5R1/PPT1/PLCL1/SOD2/CASP3/HNRNPU/EIF2S3/ATF3/ABCB1/ALAS1/TFRC/TUBA4A/AGO2/CNP/CDO1/CTSV,0.16942509944179757
Round_Spermatids,KS,KS vs Ctrl,HALLMARK_PEROXISOME,Peroxisome,104,-0.852725632778504,0.842105263157895,0.859291084854995,0.452258465713155,2653,"tags=17%, list=7%, signal=16%",PRDX5/ERCC1/IDI1/SIAH1/PEX11A/ABCB9/ALDH9A1/GNPAT/TOP2A/IDE/ACOT8/ACSL5/PABPC1/FDPS/FIS1/SLC25A19/CDK7/CRAT,0.06585969398939888
Round_Spermatids,KS,KS vs Ctrl,HALLMARK_BILE_ACID_METABOLISM,Bile Acid Metabolism,111,-0.813582159932921,0.917835671342685,0.917835671342685,0.483071405969834,2689,"tags=13%, list=7%, signal=12%",HSD17B6/PEX16/PRDX5/IDI1/PEX11A/LIPE/HACL1/ALDH9A1/GNPAT/ACSL5/SLC27A5/PFKM/OPTN/PAOX,0.037235067619520924
