direction,group,rank_in_group,Description,ID,Count,pvalue,p.adjust,minus_log10_pvalue,minus_log10_p_adjust,geneID
Up,AZFc,1,collagen-containing extracellular matrix,GO:0062023,35,8.79e-13,4.17e-10,12.056011124926227,9.379863945026242,PODN/TIMP2/IGFBP7/LTBP4/OGN/APOA1/ANGPTL1/FN1/COL1A2/OMD/SERPINA5/LGALS1/COL6A2/SERPINE2/A2M/S100A4/CLU/DPT/PCSK6/COL14A1/FGF10/LAMC3/COL15A1/ITIH5/CLEC3B/CDH2/PLSCR1/MGP/LUM/COL18A1/LAMB2/DCN/VCAN/CILP/TIMP3
Up,AZFc,2,vesicle lumen,GO:0031983,26,1.77e-09,4.19e-07,8.752026733638193,6.377785977033705,IGF1/SELENOP/PENK/TIMP2/APOA1/APP/BACE1/ISLR/FN1/PSMD7/CFD/A2M/CLU/CPPED1/HGF/CAP1/HUWE1/PSMA2/GAS6/CLEC3B/B2M/VCL/EGFR/QSOX1/CRISPLD2/TIMP3
Up,AZFc,3,cytoplasmic vesicle lumen,GO:0060205,25,7.15e-09,1.13e-06,8.145693958198919,5.94692155651658,IGF1/SELENOP/PENK/TIMP2/APOA1/APP/BACE1/ISLR/FN1/PSMD7/CFD/A2M/CLU/CPPED1/HGF/CAP1/HUWE1/PSMA2/GAS6/CLEC3B/B2M/VCL/QSOX1/CRISPLD2/TIMP3
Up,AZFc,4,reproductive system development,GO:0061458,29,8.32e-09,3.49e-05,8.079876673709276,4.45717457304082,UBB/CITED1/SOX9/CTSV/PDGFRA/HES1/SERPINA5/INHBA/SERPINE2/FGF10/RHOBTB3/SOX15/NOTCH2/NKX3-1/KITLG/FOXC1/PDGFRB/BMPR2/SP3/HMGB2/LGR4/ZFP36L1/DCN/AR/UBE2Q1/PKD2/ITGB8/TRIM28/LHX9
Up,AZFc,5,endoplasmic reticulum lumen,GO:0005788,24,1.53e-08,1.81e-06,7.815308569182402,5.7423214251308154,PPIB/PENK/IGFBP7/APOA1/APP/BACE1/FN1/COL1A2/LGALS1/COL6A2/CLU/COL14A1/COL15A1/GAS6/PDIA6/B2M/CDH2/RCN1/COL18A1/LAMB2/H6PD/QSOX1/VCAN/SUMF2
Up,AZFc,6,secretory granule lumen,GO:0034774,24,2.64e-08,2.5e-06,7.578396073130169,5.6020599913279625,IGF1/SELENOP/PENK/TIMP2/APOA1/APP/ISLR/FN1/PSMD7/CFD/A2M/CLU/CPPED1/HGF/CAP1/HUWE1/PSMA2/GAS6/CLEC3B/B2M/VCL/QSOX1/CRISPLD2/TIMP3
Up,AZFc,7,reproductive structure development,GO:0048608,28,2.77e-08,3.62e-05,7.557520230935552,4.441291429466834,UBB/CITED1/SOX9/CTSV/PDGFRA/HES1/SERPINA5/INHBA/SERPINE2/FGF10/RHOBTB3/SOX15/NOTCH2/NKX3-1/KITLG/FOXC1/PDGFRB/BMPR2/SP3/HMGB2/LGR4/ZFP36L1/DCN/AR/PKD2/ITGB8/TRIM28/LHX9
Up,AZFc,8,renal system vasculature development,GO:0061437,8,3.45e-08,3.62e-05,7.462180904926726,4.441291429466834,ACTA2/PDGFRA/HES1/NOTCH2/EGR1/NRP1/PDGFRB/PKD2
Up,AZFc,9,kidney vasculature development,GO:0061440,8,3.45e-08,3.62e-05,7.462180904926726,4.441291429466834,ACTA2/PDGFRA/HES1/NOTCH2/EGR1/NRP1/PDGFRB/PKD2
Up,AZFc,10,peptidase regulator activity,GO:0061134,20,5.3e-08,2.59e-05,7.275724130399211,4.586700235918748,GAPDH/TIMP2/APP/EPPIN/FN1/CST9L/PSME1/SERPINA5/SERPINE2/A2M/BST2/PRNP/NKX3-1/TFPI/ITIH5/GAS6/PINK1/ADRM1/CRIM1/TIMP3
Up,AZFc,11,metanephric nephron development,GO:0072210,9,6.64e-08,5.57e-05,7.1778319206319825,4.2541448048262716,CITED1/SOX9/PDGFRA/HES1/EGR1/LAMB2/PDGFRB/LGR4/PKD2
Up,AZFc,12,focal adhesion,GO:0005925,27,7.01e-08,5.53e-06,7.154281982033341,5.257274868695302,PPIB/VIM/CD81/ILK/ITGAV/FLII/AKAP12/LRP1/CAP1/SNAP23/NCKAP1/B2M/CDH2/NRP1/SNTB2/SVIL/VCL/MPRIP/MRC2/PDGFRB/EGFR/ITGA6/FAT1/GNA12/ITGB8/AHNAK/ZYX
Up,AZFc,13,extracellular matrix structural constituent,GO:0005201,17,8.45e-08,2.59e-05,7.073143291050307,4.586700235918748,PODN/IGFBP7/LTBP4/OGN/FN1/COL1A2/COL6A2/DPT/COL14A1/COL15A1/MGP/LUM/COL18A1/LAMB2/DCN/VCAN/CILP
Up,AZFc,14,regeneration,GO:0031099,18,8.47e-08,5.6e-05,7.072116589669293,4.251811972993799,IGF1/APOA1/CD81/CDK4/SRSF5/LRP1/HGF/CERS2/STK24/FGF10/SOX15/YAP1/GAS6/HOPX/LAMB2/EGFR/PRRX1/ERBB4
Up,AZFc,15,cell-substrate junction,GO:0030055,27,9.82e-08,6.65e-06,7.00788851221305,5.1771783546968955,PPIB/VIM/CD81/ILK/ITGAV/FLII/AKAP12/LRP1/CAP1/SNAP23/NCKAP1/B2M/CDH2/NRP1/SNTB2/SVIL/VCL/MPRIP/MRC2/PDGFRB/EGFR/ITGA6/FAT1/GNA12/ITGB8/AHNAK/ZYX
Up,iNOA_B,1,collagen-containing extracellular matrix,GO:0062023,19,2.53e-13,5.56e-11,12.596879478824182,10.254925208417943,AEBP1/COL14A1/IGFBP7/OGN/LGALS1/SPARCL1/VCAN/TIMP2/FN1/SMOC1/COL15A1/ITIH5/CLEC3B/COL1A2/COL6A2/A2M/LTBP1/LAMA2/LAMC3
Up,iNOA_B,2,contractile fiber,GO:0043292,13,1.85e-10,2.03e-08,9.732828271596986,7.692503962086787,MYH11/ACTA2/SVIL/TPM2/NEXN/TPM1/SPTBN1/SQSTM1/DMD/CALD1/MYOZ3/PALLD/AHNAK
Up,iNOA_B,3,actin binding,GO:0003779,16,6.52e-10,1.3e-07,9.18575240426808,6.886056647693163,MYH11/MYLK/ITGB1/SVIL/TPM2/NEXN/TMSB4X/TPM1/SPTBN1/DMD/CALD1/MACF1/ABLIM1/MYOZ3/PALLD/TNS1
Up,iNOA_B,4,extracellular matrix structural constituent,GO:0005201,11,1.1e-09,1.3e-07,8.958607314841775,6.886056647693163,AEBP1/COL14A1/IGFBP7/OGN/VCAN/FN1/COL15A1/COL1A2/COL6A2/LTBP1/LAMA2
Up,iNOA_B,5,myofibril,GO:0030016,11,2.01e-08,1.48e-06,7.696803942579511,5.8297382846050425,SVIL/TPM2/NEXN/TPM1/SPTBN1/SQSTM1/DMD/CALD1/MYOZ3/PALLD/AHNAK
Up,iNOA_B,6,extracellular matrix organization,GO:0030198,11,2.61e-07,0.000186137,6.583359492661719,3.7301672899608476,MYH11/AEBP1/COL14A1/ITGB1/LRP1/PDGFRA/SMOC1/COL15A1/COL1A2/CYP1B1/CRISPLD2
Up,iNOA_B,7,extracellular structure organization,GO:0043062,11,2.7e-07,0.000186137,6.568636235841013,3.7301672899608476,MYH11/AEBP1/COL14A1/ITGB1/LRP1/PDGFRA/SMOC1/COL15A1/COL1A2/CYP1B1/CRISPLD2
Up,iNOA_B,8,external encapsulating structure organization,GO:0045229,11,2.89e-07,0.000186137,6.539102157243452,3.7301672899608476,MYH11/AEBP1/COL14A1/ITGB1/LRP1/PDGFRA/SMOC1/COL15A1/COL1A2/CYP1B1/CRISPLD2
Up,iNOA_B,9,muscle tissue development,GO:0060537,12,6.46e-07,0.000312264,6.189767482004916,3.5054780814199695,MYH11/MYLK/IGF2/ITGB1/SVIL/TPM1/DMD/PDGFRA/PTCH1/EGR1/MYOCD/PDGFRB
Up,iNOA_B,10,cell leading edge,GO:0031252,12,1.19e-06,6.56e-05,5.924453038607469,4.1830961606243395,ACTA2/MYLK/ITGB1/INSR/TPM1/SPTBN1/DPYSL3/MACF1/ABLIM1/FAT1/PALLD/LAYN
Up,iNOA_B,11,collagen binding,GO:0005518,6,1.33e-06,9.09e-05,5.876148359032914,4.041436116778033,AEBP1/COL14A1/ITGB1/SPARCL1/FN1/COL6A2
Up,iNOA_B,12,actin filament binding,GO:0051015,9,1.55e-06,9.09e-05,5.809668301829708,4.041436116778033,MYH11/SVIL/TPM2/NEXN/TPM1/SPTBN1/DMD/MACF1/ABLIM1
Up,iNOA_B,13,structural constituent of muscle,GO:0008307,5,2.19e-06,0.000102922,5.6595558851598815,3.9874917830862104,MYH11/TPM2/NEXN/TPM1/DMD
Up,iNOA_B,14,endoplasmic reticulum lumen,GO:0005788,10,3.52e-06,0.000155005,5.453457336521869,3.809654292556247,COL14A1/IGFBP7/LGALS1/SPARCL1/VCAN/FN1/COL15A1/COL1A2/COL6A2/LTBP1
Up,iNOA_B,15,glomerulus vasculature development,GO:0072012,4,6.38e-06,0.002428673,5.195179321278838,2.6146309552877707,ACTA2/PDGFRA/EGR1/PDGFRB
Up,iNOA_S,1,collagen-containing extracellular matrix,GO:0062023,76,3.9e-22,2.3e-19,21.4089353929735,18.638272163982407,ANGPTL1/SERPINE2/DCN/COL15A1/OGN/COL1A2/FGF10/LTBP4/COL6A2/MDK/TIMP2/LGALS1/CILP/PCOLCE/IGFBP7/FN1/MMP2/LUM/DPT/COL1A1/LAMA4/OMD/COL6A3/COL3A1/ANXA2/LAMC3/SFRP1/SPARC/S100A4/PTN/FBLN5/ANXA5/VCAN/LGALS3BP/LAMA2/ENTPD2/TIMP1/CXCL12/COL6A1/NID1/ADAMTS1/LAMB2/COL14A1/ANGPTL5/COL5A1/CCDC80/ITIH5/LAMC1/TGFB3/TIMP3/SERPINH1/SPARCL1/APOA1/EFEMP2/SMOC1/VIT/COL12A1/ADAMTS5/SERPING1/FBN1/COL4A5/CLEC3B/MFGE8/CTSC/CTSF/MGP/PLSCR1/PODN/ECM1/EMILIN1/ANGPTL4/ADAMTS3/LTBP3/HSP90B1/DLG1/AEBP1
Up,iNOA_S,2,ossification,GO:0001503,67,1.58e-17,8.46e-14,16.801342913045577,13.072629636960977,PENK/COL1A2/IGF1/MDK/OSR2/MMP2/COL1A1/OMD/CITED1/EGFR/JUNB/DDR2/KLF10/SFRP1/SMAD5/ANO6/SNAI2/SPARC/CHSY1/RRBP1/PTCH1/PTN/VCAN/SP3/RASSF2/COL6A1/CREB3L1/IGFBP5/BMPR2/HGF/BCAP29/CLIC1/GPNMB/SOX9/CTSK/FOXC1/RBPJ/TGFB3/PKDCC/EXT2/FBL/OSR1/WWTR1/SMOC1/THRA/ADAR/TOB2/CLEC3B/PRKACA/MRC2/NIPBL/HNRNPU/MMP14/BMPR1A/MGP/ECM1/ATF4/JUND/YAP1/SORT1/SNRNP200/CDH11/TWSG1/LTBP3/DHX9/PTPN11/DHX36
Up,iNOA_S,3,endoplasmic reticulum lumen,GO:0005788,54,2.29e-15,6.75e-13,14.640164517660113,12.170696227168975,PENK/COL15A1/COL1A2/COL6A2/F8/LGALS1/IGFBP7/FN1/COL1A1/COL6A3/COL3A1/CST3/FKBP7/SELENOM/ERAP2/VCAN/TIMP1/COL6A1/APP/IGFBP5/LAMB2/TXNDC16/COL14A1/COL5A1/F10/ESD/H6PD/LAMC1/RCN1/ERAP1/CKAP4/SERPINH1/SPARCL1/APOA1/GPX8/MXRA8/FUCA2/COL12A1/ADAMTS5/SERPING1/FBN1/COL4A5/CALU/MFGE8/CTSC/APLP2/SHISA5/PDIA5/CRTAP/CANX/PTPRN2/UGGT1/SELENOF/HSP90B1
Up,iNOA_S,4,extracellular matrix organization,GO:0030198,50,1.38e-13,2.74e-10,12.860120913598763,9.562249437179611,PDGFRA/COL15A1/COL1A2/CYP1B1/FLRT2/CRISPLD2/MMP2/LUM/DPT/COL1A1/LRP1/COL3A1/DDR2/ANXA2/CST3/ADAMTSL3/MYH11/FBLN5/APP/NID1/ADAMTS1/CREB3L1/LAMB2/COL14A1/COL5A1/CCDC80/ENG/SOX9/CTSK/FOXC1/LAMC1/SERPINH1/EFEMP2/OLFML2B/SMOC1/VIT/COL12A1/ADAMTS5/ITGB1/COL4A5/RAMP2/SH3PXD2B/MMP14/EMILIN1/CRTAP/ECM2/ADAMTS3/LTBP3/CAV1/AEBP1
Up,iNOA_S,5,extracellular structure organization,GO:0043062,50,1.58e-13,2.74e-10,12.801342913045577,9.562249437179611,PDGFRA/COL15A1/COL1A2/CYP1B1/FLRT2/CRISPLD2/MMP2/LUM/DPT/COL1A1/LRP1/COL3A1/DDR2/ANXA2/CST3/ADAMTSL3/MYH11/FBLN5/APP/NID1/ADAMTS1/CREB3L1/LAMB2/COL14A1/COL5A1/CCDC80/ENG/SOX9/CTSK/FOXC1/LAMC1/SERPINH1/EFEMP2/OLFML2B/SMOC1/VIT/COL12A1/ADAMTS5/ITGB1/COL4A5/RAMP2/SH3PXD2B/MMP14/EMILIN1/CRTAP/ECM2/ADAMTS3/LTBP3/CAV1/AEBP1
Up,iNOA_S,6,external encapsulating structure organization,GO:0045229,50,2.05e-13,2.74e-10,12.688246138944246,9.562249437179611,PDGFRA/COL15A1/COL1A2/CYP1B1/FLRT2/CRISPLD2/MMP2/LUM/DPT/COL1A1/LRP1/COL3A1/DDR2/ANXA2/CST3/ADAMTSL3/MYH11/FBLN5/APP/NID1/ADAMTS1/CREB3L1/LAMB2/COL14A1/COL5A1/CCDC80/ENG/SOX9/CTSK/FOXC1/LAMC1/SERPINH1/EFEMP2/OLFML2B/SMOC1/VIT/COL12A1/ADAMTS5/ITGB1/COL4A5/RAMP2/SH3PXD2B/MMP14/EMILIN1/CRTAP/ECM2/ADAMTS3/LTBP3/CAV1/AEBP1
Up,iNOA_S,7,extracellular matrix structural constituent,GO:0005201,36,8.66e-13,7.84e-10,12.062482107982653,9.105683937315561,DCN/COL15A1/OGN/COL1A2/LTBP4/COL6A2/CILP/PCOLCE/IGFBP7/FN1/LUM/DPT/COL1A1/LAMA4/COL6A3/COL3A1/SPARC/FBLN5/VCAN/LAMA2/COL6A1/NID1/LAMB2/COL14A1/COL5A1/LAMC1/EFEMP2/COL12A1/FBN1/COL4A5/MFGE8/MGP/PODN/ECM1/EMILIN1/AEBP1
Up,iNOA_S,8,transmembrane receptor protein serine/threonine kinase signaling pathway,GO:0007178,52,6.84e-12,7.33e-09,11.164943898279883,8.134896025358872,HSPA1A/INHBA/COL1A2/FGF10/FOS/LTBP4/SPTBN1/VIM/EGR1/CILP/SFRP4/JUN/TGFBR3/CITED1/LRP1/COL3A1/SFRP1/SMAD5/PDCD4/SPRY1/NOTCH2/SORL1/BMPR2/RBPMS/HES1/ZEB2/NBL1/ENG/ITGB8/NEO1/PEG10/RBPJ/XIAP/TGFB3/WWTR1/IL17RD/FBN1/GLG1/CREBBP/SPRED1/PPM1L/BMPR1A/FUT8/CTDSPL2/EMILIN1/TGFBR2/ZMIZ1/TWSG1/LTBP3/TMEM100/CAV1/ZNF423
Up,iNOA_S,9,connective tissue development,GO:0061448,41,4.36e-11,3.89e-08,10.360513510731414,7.410050398674293,MDK/PRRX1/EGR1/OSR2/LUM/COL1A1/PDGFRB/UBB/SMAD5/SELENOM/SNAI2/CHSY1/TIMP1/SORL1/NFIB/BMPR2/COL5A1/SOX9/CTSK/ITGB8/PKDCC/CD34/SERPINH1/OSR1/MAF/TRIP11/CREB3L2/ARID5B/THRA/GLG1/TRPS1/TSKU/XBP1/SH3PXD2B/BMPR1A/MGP/ECM1/TGFBR2/GHR/LTBP3/PTPN11
Up,iNOA_S,10,muscle tissue development,GO:0060537,54,8.73e-11,6.68e-08,10.05898575629443,7.175223537524454,DCN/PDGFRA/FOS/IGF1/EGR1/PI16/ID2/TGFBR3/NR2F2/PDGFRB/VAMP5/SVIL/SMAD5/MYH11/PTCH1/NOTCH2/RGS2/HLF/NR1D2/IGFBP5/PTEN/ENG/SOX9/FOXC1/CDC42/RBPJ/OSR1/EFEMP2/AKAP13/ITGB1/DDX17/CSRP1/YY1/HNRNPU/EEF2/DMD/AKAP6/CFL2/SGCD/BMPR1A/COPS2/ZFPM2/PRMT1/SAV1/YAP1/LY6E/SOX15/TGFBR2/HOXD9/MEF2A/CAV1/DLG1/MSC/G6PD
Up,iNOA_S,11,growth factor binding,GO:0019838,29,2.23e-10,6.95e-08,9.651695136951838,7.158015195409886,PDGFRA/COL1A2/LTBP4/IGFBP7/TGFBR3/COL1A1/PDGFRB/IGFBP6/COL3A1/LIFR/EGFR/NTRK2/NRP1/PTN/COL6A1/IGFBP5/BMPR2/COL5A1/ITGAV/ENG/FGFR1/TGFB3/GLG1/TSKU/SORT1/TGFBR2/TWSG1/GHR/LTBP3
Up,iNOA_S,12,collagen binding,GO:0005518,20,2.3e-10,6.95e-08,9.638272163982407,7.158015195409886,DCN/COL6A2/PCOLCE/FN1/LUM/DDR2/SPARC/COL6A1/NID1/COL14A1/CTSK/SERPINH1/SPARCL1/ITGB1/MUSK/MRC2/PODN/CRTAP/ECM2/AEBP1
Up,iNOA_S,13,membrane raft,GO:0045121,47,2.7e-10,3.99e-08,9.568636235841012,7.399027104313252,PLPP3/BST2/AHNAK/EMP2/PRNP/TUBA1A/TFPI/EGFR/ANXA2/TUBB/PTCH1/CNTN1/APP/BMPR2/MME/DLC1/EDNRB/STOM/SERPINH1/MYADM/GNAI2/CAVIN1/ANK2/ITGB1/ATP1A2/EHD2/PRKACA/EEF2/ATP2B4/DMD/AKAP6/SPRED1/BMPR1A/PTGIS/CAPN2/THY1/PLSCR1/LAMP2/CLIP3/ATP1B1/EFNB1/TGFBR2/RAP2B/HMOX1/CAV1/DLG1/PTPN11
Up,iNOA_S,14,membrane microdomain,GO:0098857,47,2.7e-10,3.99e-08,9.568636235841012,7.399027104313252,PLPP3/BST2/AHNAK/EMP2/PRNP/TUBA1A/TFPI/EGFR/ANXA2/TUBB/PTCH1/CNTN1/APP/BMPR2/MME/DLC1/EDNRB/STOM/SERPINH1/MYADM/GNAI2/CAVIN1/ANK2/ITGB1/ATP1A2/EHD2/PRKACA/EEF2/ATP2B4/DMD/AKAP6/SPRED1/BMPR1A/PTGIS/CAPN2/THY1/PLSCR1/LAMP2/CLIP3/ATP1B1/EFNB1/TGFBR2/RAP2B/HMOX1/CAV1/DLG1/PTPN11
Up,iNOA_S,15,glycosaminoglycan binding,GO:0005539,38,3.47e-10,7.85e-08,9.459670525209127,7.105130343254747,SERPINE2/DCN/FGF10/LTBP4/MDK/PCOLCE/CRISPLD2/FN1/PRNP/TGFBR3/CFH/LAYN/RSPO3/SFRP1/PPIA/NRP1/PTCH1/PTN/VCAN/APP/ADAMTS1/COL5A1/CCDC80/GPNMB/ENG/FGFR1/FGF7/EFEMP2/SMOC1/VIT/ADAMTS5/FBN1/CLEC3B/ZNF146/APLP2/TGFBR2/ECM2/ADAMTS3
Up,KS,1,endoplasmic reticulum lumen,GO:0005788,68,4.5e-18,2.91e-15,17.346787486224656,14.536107011014092,IGFBP7/PPIB/PENK/COL6A2/IGFBP5/APOE/SELENOM/IGFBP4/F10/COL6A1/LAMB2/CST3/COL18A1/MXRA8/FSTL3/QSOX1/APP/RCN3/MFGE8/CRTAP/ERAP2/LGALS1/FKBP7/P4HB/GAS6/RCN1/PRKCSH/APLP2/VWA1/SUMF2/SERPINH1/SERPING1/SHISA5/NUCB1/OS9/RNASET2/H6PD/COL16A1/MAPK3/COL15A1/COL5A1/JMJD8/CKAP4/TIMP1/LRPAP1/CERCAM/PNPLA2/BACE1/COL27A1/WFS1/GANAB/HRC/PDIA6/CD4/SDC2/CALR/RCN2/FUCA2/COL1A1/CES2/COL6A3/CNPY3/TXNDC16/ESD/CTSZ/ERAP1/FKBP10/PTPRN2
Up,KS,2,collagen-containing extracellular matrix,GO:0062023,73,1.33e-13,4.3e-11,12.876148359032914,10.366531544420413,LTBP4/IGFBP7/MDK/COL6A2/PODN/TIMP2/APOE/MFAP4/TIMP3/DPT/COL6A1/LTBP3/LAMB2/LAMC3/PCOLCE/ADAMTS1/CTSF/FGF10/COL18A1/MMP2/SOD3/ANGPTL1/OGN/SERPINE2/RARRES2/LGALS3BP/MFGE8/EMILIN1/HTRA1/LGALS1/FBLN5/SMOC1/HNRNPM/EFEMP2/VWA1/SERPINH1/SERPING1/LGALS3/TGFB1I1/ANG/DCN/NID2/MYOC/ANXA2/MXRA7/COL16A1/HSPG2/TMEFF2/TGFB3/COL15A1/SERPINB6/COL5A1/TIMP1/COL27A1/AEBP1/CTSL/OMD/ANXA5/KAZALD1/CD151/SDC2/FBLN1/ENTPD2/CALR/CCDC80/COL1A1/COL6A3/ANGPTL2/CTSB/CTSZ/ANXA11/ITIH5/ANXA4
Up,KS,3,viral process,GO:0016032,69,4.24e-12,1.17e-08,11.372634143407268,7.931814138253839,JUN/PPIB/HSPA1A/ZFP36/PCBP1/GSN/HSPA1B/APOE/HEXIM1/BST2/CD81/CCL2/CD74/RAB1B/NFIA/IFITM1/PHB/LGALS1/P4HB/EIF3F/GAS6/IFITM2/SIVA1/PPIA/TRIM28/EIF3G/RRAGA/LY6E/CCL4/TRIM8/RAD23A/STOM/CTBP2/MAVS/VPS28/ZNF639/CHMP4B/NUCKS1/CHMP1B/DEK/CTSL/PHB2/USF2/MX1/CD4/ITGAV/SMARCB1/CCL3/EEA1/EIF3B/ZBED1/TPCN1/EGFR/HLA-DRB1/PCBP2/TNFRSF14/VPS4A/PTBP1/N4BP1/LAMP1/CTSB/SLC3A2/NRP1/PML/TBC1D20/APOBEC3G/EIF3D/TRIM22/IFITM3
Up,KS,4,regulation of binding,GO:0051098,63,5.54e-12,1.17e-08,11.25649023527157,7.931814138253839,JUN/IGF1/KLF4/APOE/LRP1/STUB1/RAMP2/HES1/NES/TGFBR3/FOXC1/ID1/NFKBIA/APP/RACK1/CAMK1/HSF1/TRIM28/DDIT3/ANXA2/EIF4A3/MAPK3/WFIKKN2/SPPL3/CTBP2/LRPAP1/MDFI/NUCKS1/PKD1/HMOX1/GTF2F1/PLCL2/RARA/RGMA/P2RY1/ZBTB7A/HMGB2/EIF3E/ACD/PLK2/EDF1/PLN/DNAJB2/MEPCE/DZIP1/CSNK1E/ADAM15/CLN5/HMBOX1/IFIT2/HDAC5/CTSZ/PLXND1/AMFR/NRP1/SMAD3/DDRGK1/ABL1/ADNP/HAND2/EIF3D/MITD1/TCF7L2
Up,KS,5,transmembrane receptor protein serine/threonine kinase signaling pathway,GO:0007178,62,6.19e-12,1.17e-08,11.208309350979881,7.931814138253839,JUN/LTBP4/FOS/EGR1/HSPA1A/INHBA/NBL1/VIM/LTBP3/LRP1/STUB1/ILK/HES1/FGF10/TGFBR3/NUMA1/FSTL3/RBPMS/ID1/ENG/FKBP8/EMILIN1/HTRA1/SFRP4/CDKN1C/TGFB1I1/NOTCH2/HTRA3/TGFB3/MAPK3/SPTBN1/WFIKKN2/SPRY1/ZNF423/ZNF703/ZMIZ1/CITED2/FAM89B/FBXL15/SMAD5/CREBBP/XIAP/RGMA/BMPR2/ZBTB7A/BCL9L/PPM1L/GATA4/C20orf27/NEO1/TGFBR2/PDCD4/WWTR1/GLG1/BMPR1A/PXN/PML/SMAD3/DKK3/ABL1/VASN/SH2B1
Up,KS,6,viral life cycle,GO:0019058,56,4.16e-11,4.82e-08,10.380906669373257,7.31695296176115,PPIB/HSPA1A/PCBP1/GSN/HSPA1B/APOE/BST2/CD81/CCL2/CD74/RAB1B/NFIA/IFITM1/PHB/LGALS1/P4HB/GAS6/IFITM2/SIVA1/PPIA/TRIM28/LY6E/TRIM8/RAD23A/STOM/CTBP2/MAVS/VPS28/ZNF639/CHMP4B/NUCKS1/CHMP1B/DEK/CTSL/MX1/CD4/ITGAV/SMARCB1/EEA1/ZBED1/TPCN1/EGFR/HLA-DRB1/PCBP2/TNFRSF14/VPS4A/N4BP1/LAMP1/CTSB/SLC3A2/NRP1/PML/TBC1D20/APOBEC3G/TRIM22/IFITM3
Up,KS,7,gland development,GO:0048732,69,4.26e-11,4.82e-08,10.370590400897282,7.31695296176115,ID2/MDK/IGFBP5/PRDX2/MAFB/TCF21/HNRNPD/HES1/FGF10/TGFBR3/PDGFRA/FSTL3/FOXC1/SERPINE2/CDKN1B/CEBPB/AR/DBP/PRKCSH/PTEN/NOTCH2/NCOR2/LY6E/SRSF5/TGFB3/MAPK3/TBX2/SP3/HOXD9/LMO4/STAT6/THRA/ZNF703/PKD1/PRMT5/CITED2/STAT5A/HMOX1/ASH1L/ALDH1A3/PHB2/USF2/RARA/XBP1/RGN/CUL3/HGF/MPST/ACO2/CAPN1/LBH/FGF2/AKT2/EGFR/FPGS/TGFBR2/SRSF1/SLC29A1/BMPR1A/PLXND1/NRP1/SOCS2/PML/SMAD3/STAT5B/DKK3/ABL1/HAND2/UBE3A
Up,KS,8,DNA-binding transcription factor binding,GO:0140297,66,6.31e-11,5.94e-08,10.199970640755867,7.2262135550188065,JUN/FOS/ID2/KLF4/MYC/TCF21/HES1/JUND/NFKBIA/NR4A1/CEBPB/RBFOX2/AR/ATF4/PURA/HSF1/PRRX1/DDIT3/TGFB1I1/NOTCH2/MTDH/NCOR2/FUS/BUD31/CHCHD2/TCF23/BHLHE41/SP3/CTBP2/MEF2D/TRIP6/NR1H2/YAP1/SPEN/MED30/ZFPM2/WFS1/KAT5/CITED2/CREBBP/TAF6/PHB2/USF2/ZBTB7A/SMARCB1/BHLHE40/CALR/NFE2L2/HSPB1/JMJD1C/HDAC7/GATA4/ZNHIT3/CHD4/HDAC5/YWHAH/AIP/CRTC3/TOB2/SMAD3/STAT5B/HDAC3/DDRGK1/HAND2/ANXA4/TCF7L2
Up,KS,9,focal adhesion,GO:0005925,66,9.25e-11,1.99e-08,10.033858267260968,7.701146923590294,PPIB/HSPA1A/GSN/HSPA1B/VIM/CD81/LAYN/LRP1/PDGFRB/ILK/RHOB/CD99/CSRP1/ENG/GNB2/SVIL/P4HB/ZFYVE21/SORBS3/RRAS/PPIA/EFS/TNS2/DDR2/AHNAK/TGFB1I1/SNTB2/SLC9A3R2/DIXDC1/MAP2K2/TRIOBP/MRC2/HSPG2/MARCKS/MAPK3/TRIP6/CD99L2/FLRT2/FLII/THY1/CAP1/ANXA5/FZD1/CD151/FLNA/ITGAV/PLEC/FZD2/CALR/PPP1CC/HSPB1/LIMS1/CAPN1/LASP1/NCKAP1/CDC42EP1/EGFR/PCBP2/FHL3/PRKAR2A/PDLIM7/TNS1/PXN/NRP1/MPRIP/PHLDB2
Up,KS,10,Wnt signaling pathway,GO:0016055,69,9.76e-11,9.2e-08,10.010550182333308,7.036212172654444,EGR1/IGFBP6/MDK/KLF4/NDRG2/CPE/PLPP3/APOE/RSPO3/IGFBP4/TSKU/ADGRA2/LRP1/ILK/FGF10/APP/RACK1/SFRP4/EMD/PTEN/PFDN5/DDIT3/HIC1/TGFB1I1/DIXDC1/SNAI2/GPRC5B/MYOC/FZD3/RBMS3/MDFI/YAP1/ZNF703/PKD1/APCDD1/DAAM2/CTDNEP1/PLEKHA4/XIAP/FZD1/CUL3/ZBED3/BCL9L/LZTS2/TBL1XR1/FZD2/SIAH2/VGLL4/FGF2/CSNK1E/COL1A1/RNF146/EGFR/FOXO3/MITF/GSK3A/WWTR1/RNF220/DVL3/AMFR/SMAD3/MACF1/TMEM9/DKK3/ABL1/AMOTL1/PYGO1/ZRANB1/TCF7L2
Up,KS,11,cell-cell signaling by wnt,GO:0198738,69,1.2e-10,9.66e-08,9.920818753952375,7.015022873584507,EGR1/IGFBP6/MDK/KLF4/NDRG2/CPE/PLPP3/APOE/RSPO3/IGFBP4/TSKU/ADGRA2/LRP1/ILK/FGF10/APP/RACK1/SFRP4/EMD/PTEN/PFDN5/DDIT3/HIC1/TGFB1I1/DIXDC1/SNAI2/GPRC5B/MYOC/FZD3/RBMS3/MDFI/YAP1/ZNF703/PKD1/APCDD1/DAAM2/CTDNEP1/PLEKHA4/XIAP/FZD1/CUL3/ZBED3/BCL9L/LZTS2/TBL1XR1/FZD2/SIAH2/VGLL4/FGF2/CSNK1E/COL1A1/RNF146/EGFR/FOXO3/MITF/GSK3A/WWTR1/RNF220/DVL3/AMFR/SMAD3/MACF1/TMEM9/DKK3/ABL1/AMOTL1/PYGO1/ZRANB1/TCF7L2
Up,KS,12,cell-substrate junction,GO:0030055,66,1.91e-10,3.09e-08,9.718966632752272,7.510041520575165,PPIB/HSPA1A/GSN/HSPA1B/VIM/CD81/LAYN/LRP1/PDGFRB/ILK/RHOB/CD99/CSRP1/ENG/GNB2/SVIL/P4HB/ZFYVE21/SORBS3/RRAS/PPIA/EFS/TNS2/DDR2/AHNAK/TGFB1I1/SNTB2/SLC9A3R2/DIXDC1/MAP2K2/TRIOBP/MRC2/HSPG2/MARCKS/MAPK3/TRIP6/CD99L2/FLRT2/FLII/THY1/CAP1/ANXA5/FZD1/CD151/FLNA/ITGAV/PLEC/FZD2/CALR/PPP1CC/HSPB1/LIMS1/CAPN1/LASP1/NCKAP1/CDC42EP1/EGFR/PCBP2/FHL3/PRKAR2A/PDLIM7/TNS1/PXN/NRP1/MPRIP/PHLDB2
Up,KS,13,transcription coregulator activity,GO:0003712,74,5.59e-10,1.94e-07,9.252588192113576,6.7121982700697735,HSPA1A/DNAJB1/ARL2BP/BTG1/JAZF1/RBPMS/RALY/RBFOX2/PHB/SRSF2/HNRNPU/SMARCA2/TRIM28/PFDN5/TGFB1I1/MTDH/NCOR2/BTG2/FUS/BUD31/PQBP1/TRIM8/USP22/CTBP2/SAP30/IRF2BP2/SAP30L/YAP1/PSIP1/NUCKS1/KAT8/SPEN/MED30/PRMT5/ZFPM2/KAT5/ZMIZ1/CITED2/PA2G4/CREBBP/ATN1/TAF6/SMARCB1/BCL9L/TBL1XR1/LDB2/ARID1B/SMARCD2/HMGB2/SIAH2/SERTAD2/EID1/EDF1/DRAP1/ZBED1/JMJD1C/HDAC7/FGF2/IRF2BPL/PMF1/RCOR1/FHL3/RYBP/FHL5/AIP/WWTR1/PXN/TOB2/HDAC3/ABL1/KAT6B/KAT2A/TRIM22/UBE3A
Up,KS,14,RNA polymerase II-specific DNA-binding transcription factor binding,GO:0061629,53,6.19e-10,1.94e-07,9.208309350979881,6.7121982700697735,JUN/FOS/ID2/KLF4/TCF21/HES1/JUND/NFKBIA/NR4A1/CEBPB/AR/ATF4/HSF1/PRRX1/TGFB1I1/NOTCH2/MTDH/NCOR2/FUS/BUD31/TCF23/BHLHE41/SP3/CTBP2/TRIP6/NR1H2/SPEN/MED30/ZFPM2/CITED2/CREBBP/TAF6/PHB2/ZBTB7A/SMARCB1/BHLHE40/CALR/NFE2L2/HSPB1/JMJD1C/GATA4/ZNHIT3/CHD4/HDAC5/YWHAH/AIP/TOB2/SMAD3/STAT5B/HDAC3/DDRGK1/ANXA4/TCF7L2
Up,KS,15,response to oxidative stress,GO:0006979,67,7.96e-10,5.63e-07,9.099086932262331,6.249491605148654,JUN/SELENOP/FOS/HSPA1A/PENK/HSPA1B/KLF4/APOE/PRDX1/KLF2/BTG1/PRDX2/PDGFRB/RHOB/CYP1B1/PRNP/PDGFRA/MMP2/SOD3/BAD/RBPMS/EEF2/APP/CYGB/RACK1/ATF4/FBLN5/HSF1/P4HB/HNRNPM/PPIA/PINK1/PCGF2/NFE2L1/ZNF580/CHCHD2/SIGMAR1/MAPK3/STAT6/NET1/DUSP1/ENDOG/PSIP1/NOL3/AKR1C3/SELENOK/HMOX1/TRAP1/HGF/MSRB2/PDK2/NFE2L2/HSPB1/GATA4/COL1A1/EGFR/FOXO3/SESN3/ERCC1/BECN1/PXN/KEAP1/SFPQ/PML/TPM1/ABL1/UBE3A
Down,AZFc,1,secondary alcohol metabolic process,GO:1902652,18,3.25e-09,1.28e-05,8.488116639021126,4.892790030352131,IDH3G/SOD1/CYP51A1/IDH3B/EBP/ABCA5/MSMO1/LIMA1/SCARB1/DHCR7/APOE/TM7SF2/MT3/DHCR24/FDX1/CYB5R3/CYP11A1/STAR
Down,AZFc,2,cholesterol metabolic process,GO:0008203,16,4.82e-08,9.52e-05,7.31695296176115,4.021363051615526,SOD1/CYP51A1/EBP/ABCA5/MSMO1/LIMA1/SCARB1/DHCR7/APOE/TM7SF2/MT3/DHCR24/FDX1/CYB5R3/CYP11A1/STAR
Down,AZFc,3,mitochondrial matrix,GO:0005759,31,6.79e-08,3.3e-05,7.168130225719498,4.481486060122113,HAGH/ATP5PB/IDH3G/TUFM/SOD1/MRRF/PRDX3/MMAB/IDH3B/NDUFS2/ACADM/TSFM/PPA2/SLC25A5/PCCB/HSPE1/TXN2/NDUFS8/TRUB2/HADHB/ACAT1/HADHA/C1QBP/SOD2/ALKBH7/GPX1/PDK4/ALAS1/HSPD1/FDX1/CYP11A1
Down,AZFc,4,focal adhesion,GO:0005925,28,1.41e-07,3.3e-05,6.85078088734462,4.481486060122113,SH3KBP1/HSP90B1/ARPC2/EZR/CD151/ARF1/CD59/HMGA1/DAB2/CNN1/FHL1/PABPC1/TSPAN4/PFN1/JAK1/RHOA/CD9/CORO1C/LIMA1/FHL2/HACD3/FBLIM1/HSPA5/CNN3/ACTB/HSPA8/ACTG1/HSPB1
Down,AZFc,5,cell-substrate junction,GO:0030055,28,1.98e-07,3.3e-05,6.703334809738469,4.481486060122113,SH3KBP1/HSP90B1/ARPC2/EZR/CD151/ARF1/CD59/HMGA1/DAB2/CNN1/FHL1/PABPC1/TSPAN4/PFN1/JAK1/RHOA/CD9/CORO1C/LIMA1/FHL2/HACD3/FBLIM1/HSPA5/CNN3/ACTB/HSPA8/ACTG1/HSPB1
Down,AZFc,6,sterol metabolic process,GO:0016125,16,2.07e-07,0.000190993,6.684029654543083,3.718982549595637,SOD1/CYP51A1/EBP/ABCA5/MSMO1/LIMA1/SCARB1/DHCR7/APOE/TM7SF2/MT3/DHCR24/FDX1/CYB5R3/CYP11A1/STAR
Down,AZFc,7,steroid biosynthetic process,GO:0006694,17,2.35e-07,0.000190993,6.628932137728264,3.718982549595637,SOD1/CYP51A1/ASAH1/EBP/HSD17B11/DKKL1/MSMO1/SCARB1/DHCR7/APOE/TM7SF2/DHCR24/FDX1/CYB5R3/CYP11A1/STAR/CYP17A1
Down,AZFc,8,alcohol metabolic process,GO:0006066,25,2.41e-07,0.000190993,6.617982957425132,3.718982549595637,IDH3G/SPTLC1/TKTL1/SOD1/CYP51A1/ASAH1/IDH3B/EBP/ALDH3A2/ABCA5/LHCGR/MSMO1/LIMA1/CD244/SCARB1/TPI1/DHCR7/APOE/TM7SF2/MT3/DHCR24/FDX1/CYB5R3/CYP11A1/STAR
Down,AZFc,9,protein folding chaperone,GO:0044183,9,2.53e-07,0.000163872,6.5968794788241825,3.785495245845698,HSP90AB1/DNAJB6/CCT7/CCT3/DNAJB1/HSPA5/CCT2/HSPA8/HSPB1
Down,AZFc,10,response to toxic substance,GO:0009636,20,1.24e-06,0.00081459,5.906578314837765,3.089060925666024,GLRX/KDM5B/SOD1/PRDX3/GSTM3/SCFD1/GPX4/GSTP1/SOD2/MT1X/ASS1/GPX1/APOE/MT3/MT2A/CLDN1/EPHX1/GSTA1/GPX3/STAR
Down,AZFc,11,fatty acid metabolic process,GO:0006631,25,1.52e-06,0.000838194,5.818156412055227,3.076655452278383,LONP2/ACSL1/FADS1/LYPLA1/HACD2/ASAH1/ACADM/ABHD6/ALDH3A2/PCCB/MSMO1/PHYH/HADHB/GPX4/GSTP1/ACAT1/HADHA/HACD3/TECR/ALKBH7/GPX1/C3/PDK4/EPHX1/GSTA1
Down,AZFc,12,chaperone-mediated protein folding,GO:0061077,10,1.7e-06,0.000838194,5.769551078621726,3.076655452278383,HSPH1/CHORDC1/DNAJB6/HSPE1/FKBP1A/DNAJB1/HSPA5/CCT2/HSPA8/HSPB1
Down,AZFc,13,steroid metabolic process,GO:0008202,22,1.99e-06,0.000875144,5.701146923590294,3.057920480394897,SOD1/CYP51A1/ASAH1/EBP/HSD17B11/DKKL1/LAMTOR1/ABCA5/MSMO1/ACAT1/LIMA1/SCARB1/DHCR7/APOE/TM7SF2/MT3/DHCR24/FDX1/CYB5R3/CYP11A1/STAR/CYP17A1
Down,AZFc,14,regulation of endopeptidase activity,GO:0052548,26,3.01e-06,0.000982086,5.521433504406157,3.007850479942093,PDCD6/PSMD14/VCP/BIN1/PRDX3/TNFSF10/EFNA1/LXN/ANP32B/SPINK2/DNAJB6/HIP1/RHOA/HSPE1/HERPUD1/SERPINF1/CTSH/BEX3/DPEP1/GPX1/PEBP1/PERP/C3/MT3/DHCR24/HSPD1
Down,AZFc,15,endoplasmic reticulum protein-containing complex,GO:0140534,13,3.23e-06,0.000403355,5.490797477668897,3.394312555160956,VCP/HSP90B1/SPTLC1/DDOST/RPN1/SEC11C/DERL2/HM13/FKBP1A/HSPA5/TAPBP/RHBDD2/SPTSSA
Down,iNOA_B,1,vacuolar lumen,GO:0005775,40,3.47e-17,2.13e-14,16.459670525209127,13.671620396561263,GALC/PTGES2/NEU1/LIPA/DPP7/ASAH1/VCP/CREG1/HEXB/PA2G4/CCT2/CTSD/TPP1/LAMP2/TUBB4B/PLD3/CTSB/VAT1/LGMN/GLB1/PRELP/PRDX6/ACTR10/CHID1/SDCBP/CCT8/GRN/NSG1/CTSL/C3/CTSA/TUBB/PSAP/NPC2/FTL/HSPA8/CD74/ANXA2/CYB5R3/LUM
Down,iNOA_B,2,mitochondrial matrix,GO:0005759,67,1.19e-15,2.69e-13,14.924453038607469,12.570247719997592,HIBCH/FH/ISCA1/GFM1/CS/GRPEL1/MRRF/DAP3/HADH/BCKDK/BCAT2/GSTZ1/PRDX5/POLDIP2/HMGCL/HIBADH/HAGH/ATP5F1A/PYCR2/FDXR/DLD/ALDH2/IDH3B/SOD2/ALKBH7/ALDH6A1/NAXD/ACAA2/HSPE1/ERAL1/ISCA2/C1QBP/ETFA/GSTK1/PDSS2/TXN2/NDUFA10/TRUB2/ACAT1/HSPA9/VDAC2/MMAB/PCCB/IDH3G/GPX1/OAT/ATP5F1C/PPA2/NDUFA9/DECR1/ALAS1/TSFM/NDUFS2/TUFM/ECHS1/PDHB/ATP5PB/HSPD1/MDH2/ATP5F1B/ACSM3/PDK4/HADHB/FDX1/SLC25A5/CYP11A1/PRDX3
Down,iNOA_B,3,secretory granule lumen,GO:0034774,53,1.31e-15,2.69e-13,14.882728704344236,12.570247719997592,XRCC6/B2M/DBNL/PRDX4/PTGES2/SCCPDH/NEU1/GPI/DPP7/PSMA5/ARMC8/VCP/QSOX1/NIT2/PSMB7/DERA/CREG1/HEXB/PA2G4/PSMD11/PSMD13/CSNK2B/CCT2/CTSD/SERPING1/PGAM1/PSMD14/PGM2/TUBB4B/VAT1/HSP90AB1/GLB1/PRDX6/ACTR10/SDCBP/IMPDH2/CCT8/GRN/C3/CTSA/TUBB/EEF1A1/ILF2/TEX264/IDH1/NPC2/FTL/LGALS3BP/HSPA8/CLU/ANXA2/CTSH/CYB5R3
Down,iNOA_B,4,cytoplasmic vesicle lumen,GO:0060205,53,1.96e-15,3.01e-13,14.707743928643524,12.521433504406156,XRCC6/B2M/DBNL/PRDX4/PTGES2/SCCPDH/NEU1/GPI/DPP7/PSMA5/ARMC8/VCP/QSOX1/NIT2/PSMB7/DERA/CREG1/HEXB/PA2G4/PSMD11/PSMD13/CSNK2B/CCT2/CTSD/SERPING1/PGAM1/PSMD14/PGM2/TUBB4B/VAT1/HSP90AB1/GLB1/PRDX6/ACTR10/SDCBP/IMPDH2/CCT8/GRN/C3/CTSA/TUBB/EEF1A1/ILF2/TEX264/IDH1/NPC2/FTL/LGALS3BP/HSPA8/CLU/ANXA2/CTSH/CYB5R3
Down,iNOA_B,5,vesicle lumen,GO:0031983,53,2.55e-15,3.13e-13,14.593459819566045,12.504455662453552,XRCC6/B2M/DBNL/PRDX4/PTGES2/SCCPDH/NEU1/GPI/DPP7/PSMA5/ARMC8/VCP/QSOX1/NIT2/PSMB7/DERA/CREG1/HEXB/PA2G4/PSMD11/PSMD13/CSNK2B/CCT2/CTSD/SERPING1/PGAM1/PSMD14/PGM2/TUBB4B/VAT1/HSP90AB1/GLB1/PRDX6/ACTR10/SDCBP/IMPDH2/CCT8/GRN/C3/CTSA/TUBB/EEF1A1/ILF2/TEX264/IDH1/NPC2/FTL/LGALS3BP/HSPA8/CLU/ANXA2/CTSH/CYB5R3
Down,iNOA_B,6,primary lysosome,GO:0005766,32,1.19e-12,1.05e-10,11.924453038607469,9.978810700930062,LPCAT1/SURF4/PTGES2/DPP7/VCP/CMTM6/CREG1/HEXB/PA2G4/CCT2/LAMP2/TUBB4B/TMEM179B/LAMTOR1/VAT1/GLB1/PRDX6/ACTR10/RAB5C/SDCBP/CCT8/GRN/C3/CTSA/TUBB/PSAP/DDOST/NPC2/FTL/ANXA2/MGST1/CYB5R3
Down,iNOA_B,7,azurophil granule,GO:0042582,32,1.19e-12,1.05e-10,11.924453038607469,9.978810700930062,LPCAT1/SURF4/PTGES2/DPP7/VCP/CMTM6/CREG1/HEXB/PA2G4/CCT2/LAMP2/TUBB4B/TMEM179B/LAMTOR1/VAT1/GLB1/PRDX6/ACTR10/RAB5C/SDCBP/CCT8/GRN/C3/CTSA/TUBB/PSAP/DDOST/NPC2/FTL/ANXA2/MGST1/CYB5R3
Down,iNOA_B,8,ficolin-1-rich granule,GO:0101002,35,1.55e-12,1.19e-10,11.809668301829708,9.924453038607469,HSPA1B/XRCC6/DBNL/PRDX4/GPI/ASAH1/PSMA5/VCP/PSMB7/DERA/PSMD11/PSMD13/CSNK2B/CTSD/PGAM1/PSMD14/LAMP2/PGM2/TMEM179B/LAMTOR1/CTSB/COPB1/HSP90AB1/GLB1/CD55/ACTR10/IMPDH2/CCT8/EEF1A1/ILF2/IDH1/ATP6AP2/RHOA/HSPA8/CTSH
Down,iNOA_B,9,ficolin-1-rich granule lumen,GO:1904813,28,3.09e-12,2.11e-10,11.510041520575164,9.675717544702307,HSPA1B/XRCC6/DBNL/PRDX4/GPI/ASAH1/PSMA5/VCP/PSMB7/DERA/PSMD11/PSMD13/CSNK2B/CTSD/PGAM1/PSMD14/PGM2/CTSB/HSP90AB1/GLB1/ACTR10/IMPDH2/CCT8/EEF1A1/ILF2/IDH1/HSPA8/CTSH
Down,iNOA_B,10,fatty acid metabolic process,GO:0006631,53,4.32e-12,1.14e-08,11.364516253185087,7.943095148663527,THNSL2/HACL1/DECR2/ECHDC2/CRYL1/PTGES2/ACSL1/HADH/SCD/ASAH1/PLP1/DLD/AKR1C3/INSIG1/SCP2/ALKBH7/CBR1/ACAA2/ETFA/ABHD6/FABP3/ELOVL1/FADS1/ECI2/ACAT1/SLC25A17/ADIPOR1/HACD2/ANXA1/SCD5/PCCB/GPX1/PHYH/TECR/DEGS1/ALDH3A2/DECR1/GSTM4/C3/APPL2/LYPLA1/ELOVL5/ECHS1/CD74/HACD3/MSMO1/ACSM3/PDK4/HADHB/AKR1B1/ECH1/GSTA1/EPHX1
Down,iNOA_B,11,generation of precursor metabolites and energy,GO:0006091,61,4.71e-12,1.14e-08,11.326979092871104,7.943095148663527,FH/SLC25A4/DHRS3/CS/CIAPIN1/GHITM/UGP2/GPI/NIPSNAP2/MYC/ENO1/HMGCL/VCP/NDUFV1/ATP5F1A/FDXR/DLD/DERA/ALDH2/IDH3B/TALDO1/PGAM1/ETFA/PHB2/UQCRC1/UQCRFS1/GNPDA1/NDUFA10/QDPR/ACAT1/SDHA/UQCRC2/IDH3G/DEGS1/ATP5F1C/NDUFA9/AKR7A2/NDUFB5/NDUFS2/MT3/CYC1/IDH1/SDHD/STEAP4/PDHB/MDH1/ATP5PB/SDHC/TKT/PGK1/LDHA/RHOA/MDH2/STOML2/ATP5F1B/COX7A2L/CYB5A/FDX1/AKR1B1/HSD17B6/TPI1
Down,iNOA_B,12,secondary alcohol metabolic process,GO:1902652,30,9.34e-12,1.51e-08,11.029653123769906,7.82102305270683,SQLE/FDPS/ABCA5/SOAT1/HSD17B7/FDXR/IDH3B/SNX17/INSIG1/ACAA2/IDI1/HMGCR/IDH3G/LDLR/SCARB1/MT3/EBP/IDH1/NPC2/HMGCS1/SC5D/MSMO1/DHCR24/FDFT1/TM7SF2/DHCR7/FDX1/CYB5R3/CYP11A1/STAR
Down,iNOA_B,13,steroid biosynthetic process,GO:0006694,32,2.97e-11,3.61e-08,10.527243550682787,7.442492798094342,SQLE/FDPS/HSD17B7/ASAH1/DKKL1/FDXR/AKR1C3/HSD17B3/INSIG1/SCP2/ACAA2/IDI1/HMGCR/HSD3B2/SCARB1/EBP/HSD17B11/ERG28/HMGCS1/SC5D/MSMO1/DHCR24/FDFT1/TM7SF2/DHCR7/FDX1/AKR1B1/HSD17B6/CYB5R3/CYP11A1/STAR/CYP17A1
Down,iNOA_B,14,"oxidoreductase activity, acting on the CH-OH group of donors, NAD or NADP as acceptor",GO:0016616,27,5.22e-11,3.9e-08,10.282329496997738,7.4089353929735005,DHRS3/CRYL1/HADH/HSD17B7/DHRS7B/HIBADH/AKR1C3/HSD17B3/IDH3B/CBR1/RDH11/LDHC/HMGCR/IDH3G/IMPDH2/HSD3B2/LDHB/AKR7A2/IDH1/GRHPR/HSD17B11/MDH1/LDHA/MDH2/HADHB/AKR1B1/HSD17B6
Down,iNOA_B,15,"oxidoreductase activity, acting on CH-OH group of donors",GO:0016614,28,9.35e-11,3.9e-08,10.029188389127482,7.4089353929735005,DHRS3/CRYL1/HADH/HSD17B7/DHRS7B/HIBADH/AKR1C3/HSD17B3/IDH3B/CBR1/RDH11/LDHC/HMGCR/IDH3G/IMPDH2/HSD3B2/ALDH3A2/LDHB/AKR7A2/IDH1/GRHPR/HSD17B11/MDH1/LDHA/MDH2/HADHB/AKR1B1/HSD17B6
Down,iNOA_S,1,generation of precursor metabolites and energy,GO:0006091,33,1.27e-08,4.78e-05,7.896196279044043,4.320572103387881,ENO1/NDUFS2/ACADM/NDUFB2/CIAPIN1/QDPR/ATP5PF/COX5B/ATP5F1E/NDUFAB1/ATP5MF/BNIP3/AKR1B1/ASPH/COX7A2/UQCC2/SDHA/NDUFA8/COX17/PDHB/DLD/SUCLG1/TPI1/UQCR10/IDH1/ACAT1/ISCU/UGP2/COX7A2L/MT3/FDX1/CYB5A/HSD17B6
Down,iNOA_S,2,aerobic respiration,GO:0009060,19,3.85e-08,5.83e-05,7.414539270491499,4.2343314452409855,NDUFS2/NDUFB2/ATP5PF/COX5B/ATP5F1E/NDUFAB1/ATP5MF/BNIP3/COX7A2/UQCC2/SDHA/NDUFA8/PDHB/DLD/SUCLG1/UQCR10/IDH1/ISCU/COX7A2L
Down,iNOA_S,3,steroid biosynthetic process,GO:0006694,18,5.18e-08,5.83e-05,7.285670240254767,4.2343314452409855,CYP51A1/SC5D/AKR1B1/DKKL1/OSBPL3/SOD1/HSD3B2/EBP/SCARB1/DHCR7/TM7SF2/FDX1/DHCR24/CYB5R3/CYP11A1/HSD17B6/STAR/CYP17A1
Down,iNOA_S,4,electron transport chain,GO:0022900,18,6.19e-08,5.83e-05,7.208309350979882,4.2343314452409855,NDUFS2/NDUFB2/CIAPIN1/QDPR/COX5B/NDUFAB1/AKR1B1/ASPH/COX7A2/SDHA/NDUFA8/DLD/UQCR10/ISCU/COX7A2L/FDX1/CYB5A/HSD17B6
Down,iNOA_S,5,mitochondrial matrix,GO:0005759,31,1.09e-07,2.47e-05,6.962573502059376,4.607303046740334,HIBADH/GRPEL1/NDUFS2/ACADM/PRDX5/PDSS2/ATP5F1E/NDUFAB1/PPA2/SOD2/UQCC2/HAGH/GPX1/PDHB/TSFM/SOD1/DLD/SUCLG1/PCCB/ACAT1/ISCU/HADHB/ALKBH7/SLC25A5/PRDX3/ALAS1/HSPD1/HSPE1/ACSM3/FDX1/CYP11A1
Down,iNOA_S,6,P granule,GO:0043186,7,1.48e-07,2.47e-05,6.8297382846050425,4.607303046740334,SNRPG/PIWIL2/HENMT1/CARHSP1/TDRD1/DDX4/MAEL
Down,iNOA_S,7,germ plasm,GO:0060293,7,1.48e-07,2.47e-05,6.8297382846050425,4.607303046740334,SNRPG/PIWIL2/HENMT1/CARHSP1/TDRD1/DDX4/MAEL
Down,iNOA_S,8,secondary alcohol metabolic process,GO:1902652,16,1.54e-07,0.000115724,6.812479279163537,3.9365765633760725,LIMA1/CYP51A1/SC5D/ABCA5/SOD1/EBP/IDH1/SCARB1/MT3/DHCR7/TM7SF2/FDX1/DHCR24/CYB5R3/CYP11A1/STAR
Down,iNOA_S,9,pole plasm,GO:0045495,7,2.18e-07,2.73e-05,6.661543506395395,4.5638373529592435,SNRPG/PIWIL2/HENMT1/CARHSP1/TDRD1/DDX4/MAEL
Down,iNOA_S,10,electron transfer activity,GO:0009055,15,2.26e-07,0.000150891,6.645891560852599,3.821336663252256,NDUFS2/NDUFB2/CIAPIN1/QDPR/COX5B/AKR1B1/ASPH/COX7A2/SDHA/NDUFA8/UQCR10/COX7A2L/FDX1/CYB5A/HSD17B6
Down,iNOA_S,11,cholesterol metabolic process,GO:0008203,15,3.48e-07,0.000218385,6.458420756053419,3.660777194909371,LIMA1/CYP51A1/SC5D/ABCA5/SOD1/EBP/SCARB1/MT3/DHCR7/TM7SF2/FDX1/DHCR24/CYB5R3/CYP11A1/STAR
Down,iNOA_S,12,positive regulation of telomerase RNA localization to Cajal body,GO:1904874,6,4.57e-07,0.000238385,6.34008379993015,3.6227210753671155,CCT4/CCT6A/NOP10/CCT3/CCT5/CCT2
Down,iNOA_S,13,oxidative phosphorylation,GO:0006119,15,5.07e-07,0.000238385,6.294992040666664,3.6227210753671155,NDUFS2/NDUFB2/ATP5PF/COX5B/ATP5F1E/NDUFAB1/ATP5MF/COX7A2/UQCC2/SDHA/NDUFA8/DLD/UQCR10/ISCU/COX7A2L
Down,iNOA_S,14,antioxidant activity,GO:0016209,12,6.57e-07,0.000219714,6.182434630440219,3.658142269301464,PRDX5/SOD2/PRDX2/TXNRD1/MGST1/GPX1/SOD1/GLRX/PRDX3/MT3/GPX3/GSTA1
Down,iNOA_S,15,mitochondrial inner membrane,GO:0005743,30,6.76e-07,6.77e-05,6.1700533040583645,4.169411331314856,GRPEL1/APOO/NDUFS2/NDUFB2/ATP5PF/COX5B/ATP5F1E/NDUFAB1/MTX2/SLC25A39/MTCH2/ATP5MF/TIMM8B/COX7A2/SLC8B1/UQCC2/SDHA/NDUFA8/HSD3B2/UQCR10/HADHB/CABS1/SLC25A5/COX7A2L/HSPD1/MPC2/CLU/CYP11A1/TMEM70/STAR
Down,KS,1,generation of precursor metabolites and energy,GO:0006091,60,4.8e-12,1.29e-08,11.318758762624412,7.889410289700751,NDUFS1/MDH1/TPI1/LDHA/CCNB1/STAT3/SORBS1/CISD1/HMGB1/SELENOS/SUCLG2/NDUFB2/CYCS/IL6ST/MSH2/NNT/ISCU/GHITM/FDXR/SUCLA2/COX7A2/COX5B/AKR1B1/NDUFAB1/GFPT1/CIAPIN1/COQ10B/NDUFA4/NDUFA8/PARK7/ACADM/PHKB/NDUFA12/BNIP3/HIF1A/COX17/DNAJC15/IFNAR1/ATP5PF/ETFA/NDUFB5/ENO1/PDHB/ATP5F1C/SUCLG1/ACAT1/ATP5MF/UQCC2/ATP5PB/DLD/ATP5F1E/UGP2/COX7A2L/MT3/UQCR10/IDH1/FDX1/CYB5A/STEAP4/HSD17B6
Down,KS,2,energy derivation by oxidation of organic compounds,GO:0015980,46,5.42e-12,1.29e-08,11.266000713461613,7.889410289700751,NDUFS1/MDH1/CCNB1/SORBS1/CISD1/HMGB1/SELENOS/SUCLG2/NDUFB2/CYCS/IL6ST/MSH2/NNT/ISCU/GHITM/SUCLA2/COX7A2/COX5B/NDUFAB1/GFPT1/COQ10B/NDUFA4/NDUFA8/PARK7/ACADM/PHKB/NDUFA12/BNIP3/HIF1A/DNAJC15/IFNAR1/ATP5PF/NDUFB5/PDHB/ATP5F1C/SUCLG1/ATP5MF/UQCC2/ATP5PB/DLD/ATP5F1E/UGP2/COX7A2L/MT3/UQCR10/IDH1
Down,KS,3,aerobic respiration,GO:0009060,34,7.83e-12,1.29e-08,11.106238237942057,7.889410289700751,NDUFS1/MDH1/CCNB1/SUCLG2/NDUFB2/CYCS/MSH2/NNT/ISCU/GHITM/SUCLA2/COX7A2/COX5B/NDUFAB1/NDUFA4/NDUFA8/PARK7/NDUFA12/BNIP3/HIF1A/DNAJC15/ATP5PF/NDUFB5/PDHB/ATP5F1C/SUCLG1/ATP5MF/UQCC2/ATP5PB/DLD/ATP5F1E/COX7A2L/UQCR10/IDH1
Down,KS,4,cellular respiration,GO:0045333,37,2.93e-11,3.61e-08,10.53313237964589,7.442492798094342,NDUFS1/MDH1/CCNB1/CISD1/SUCLG2/NDUFB2/CYCS/MSH2/NNT/ISCU/GHITM/SUCLA2/COX7A2/COX5B/NDUFAB1/COQ10B/NDUFA4/NDUFA8/PARK7/NDUFA12/BNIP3/HIF1A/DNAJC15/IFNAR1/ATP5PF/NDUFB5/PDHB/ATP5F1C/SUCLG1/ATP5MF/UQCC2/ATP5PB/DLD/ATP5F1E/COX7A2L/UQCR10/IDH1
Down,KS,5,cadherin binding,GO:0045296,45,3.81e-10,3.3e-07,9.41907502432438,6.481486060122113,ZC3H15/LDHA/FNBP1L/DDX6/TWF1/CTTN/CAPZB/FLNB/MYH9/HSPA5/CHMP2B/HSPA8/USO1/SH3GLB1/EPCAM/DHX29/GLOD4/PARK7/TMOD3/ITGB1/PSMB6/CCT8/RDX/ARHGAP18/CKAP5/ENO1/CLINT1/TJP1/EIF2A/EIF4G2/UBAP2/RAN/MAPRE1/SLK/BZW1/YWHAE/LIMA1/KTN1/CNN3/EIF5/EZR/CD46/KRT18/IDH1/CTNNAL1
Down,KS,6,steroid biosynthetic process,GO:0006694,29,1.52e-09,1.48e-06,8.818156412055227,5.8297382846050425,ERLIN1/SOD1/HSD17B3/HSD17B11/ASAH1/FDXR/FDFT1/AKR1B1/ACAA2/DKKL1/OSBPL3/CYP51A1/HSD3B2/SCARB1/IDI1/EBP/HMGCR/SC5D/SQLE/DHCR7/CYB5R3/HMGCS1/FDX1/TM7SF2/HSD17B6/MSMO1/CYP11A1/DHCR24/CYP17A1
Down,KS,7,ATP metabolic process,GO:0046034,38,1.8e-09,1.48e-06,8.744727494896694,5.8297382846050425,NDUFS1/CLPX/TPI1/LDHA/CCNB1/STAT3/NDUFB2/CYCS/MSH2/HSPA8/ISCU/GHITM/COX7A2/COX5B/ATP5MC1/NDUFAB1/NDUFA4/NDUFA8/DNM1L/PARK7/NDUFA12/HIF1A/ATP6V1A/PARP1/LDHC/DNAJC15/ATP5PF/NDUFB5/ENO1/ATP5F1C/ATP5MF/UQCC2/ATP5PB/DLD/ATP5F1E/TMSB4X/COX7A2L/UQCR10
Down,KS,8,mitochondrial matrix,GO:0005759,53,2.88e-09,1.83e-06,8.540607512240769,5.73754891026957,NDUFS1/CLPX/ISCA1/CCNB1/TFAM/PPM1K/SDHAF3/GFM1/SUCLG2/SOD1/RARS2/TXN2/HIBCH/PDSS2/VDAC1/ISCU/HAGH/FDXR/PPA2/SUCLA2/NDUFAB1/ACAA2/TRNT1/TSFM/PARK7/ACADM/DAP3/GRPEL1/DNAJC15/ETFA/REXO2/PDHB/SOD2/ATP5F1C/SUCLG1/ACAT1/UQCC2/HADHA/PDK4/ATP5PB/DLD/ATP5F1E/HADHB/PCCB/SLC25A5/DECR1/HSPE1/PRDX3/HSPD1/ALAS1/FDX1/ACSM3/CYP11A1
Down,KS,9,secondary alcohol metabolic process,GO:1902652,26,3.3e-09,2.09e-06,8.481486060122112,5.679853713888946,ERLIN1/SOD1/FDXR/FDFT1/ACAA2/SOAT1/CYP51A1/ABCA5/SCARB1/LIMA1/IDI1/LDLR/EBP/HMGCR/SC5D/SQLE/MT3/DHCR7/CYB5R3/HMGCS1/IDH1/FDX1/TM7SF2/MSMO1/CYP11A1/DHCR24
Down,KS,10,cholesterol metabolic process,GO:0008203,25,3.39e-09,2.09e-06,8.469800301796917,5.679853713888946,ERLIN1/SOD1/FDXR/FDFT1/ACAA2/SOAT1/CYP51A1/ABCA5/SCARB1/LIMA1/IDI1/LDLR/EBP/HMGCR/SC5D/SQLE/MT3/DHCR7/CYB5R3/HMGCS1/FDX1/TM7SF2/MSMO1/CYP11A1/DHCR24
Down,KS,11,oxidative phosphorylation,GO:0006119,25,6.26e-09,3.43e-06,8.20342566678957,5.464705879957229,NDUFS1/CCNB1/NDUFB2/CYCS/MSH2/ISCU/GHITM/COX7A2/COX5B/NDUFAB1/NDUFA4/NDUFA8/PARK7/NDUFA12/DNAJC15/ATP5PF/NDUFB5/ATP5F1C/ATP5MF/UQCC2/ATP5PB/DLD/ATP5F1E/COX7A2L/UQCR10
Down,KS,12,mitochondrial outer membrane,GO:0005741,30,1.77e-08,4.04e-06,7.752026733638194,5.393618634889395,FUNDC1/OPA1/MTX2/ACSL1/CISD1/APOO/NME1/VDAC1/ACSL3/MGST1/LPIN1/STMP1/SH3GLB1/ACSL4/WASF1/DNM1L/BNIP3/TOMM34/IMMT/MAOA/PGRMC1/ASS1/HADHB/IFI27/MT3/CYB5R3/PLA2G2A/MGARP/GJA1/CYB5A
Down,KS,13,organelle outer membrane,GO:0031968,32,2.06e-08,4.04e-06,7.686132779630847,5.393618634889395,FUNDC1/OPA1/MTX2/ACSL1/CISD1/APOO/NME1/VDAC1/ACSL3/MGST1/LPIN1/STMP1/SH3GLB1/SYNE2/ACSL4/WASF1/DNM1L/BNIP3/TOMM34/IMMT/MAOA/PGRMC1/ASS1/HADHB/IFI27/MT3/DHCR7/CYB5R3/PLA2G2A/MGARP/GJA1/CYB5A
Down,KS,14,sterol biosynthetic process,GO:0016126,16,2.24e-08,1.11e-05,7.649751981665837,4.954677021213342,ERLIN1/SOD1/FDFT1/ACAA2/CYP51A1/IDI1/EBP/HMGCR/SC5D/SQLE/DHCR7/CYB5R3/HMGCS1/TM7SF2/MSMO1/DHCR24
Down,KS,15,outer membrane,GO:0019867,32,2.54e-08,4.04e-06,7.595166283380062,5.393618634889395,FUNDC1/OPA1/MTX2/ACSL1/CISD1/APOO/NME1/VDAC1/ACSL3/MGST1/LPIN1/STMP1/SH3GLB1/SYNE2/ACSL4/WASF1/DNM1L/BNIP3/TOMM34/IMMT/MAOA/PGRMC1/ASS1/HADHB/IFI27/MT3/DHCR7/CYB5R3/PLA2G2A/MGARP/GJA1/CYB5A
